-- Nivaara Real Estate Database Backup
-- Generated: 2026-02-04T06:30:35.724Z
-- Automated Daily Backup

SET FOREIGN_KEY_CHECKS = 0;

-- Table: users
-- Records: 2
DELETE FROM `users`;
INSERT INTO `users` (`id`, `openId`, `name`, `email`, `loginMethod`, `role`, `createdAt`, `updatedAt`, `lastSignedIn`) VALUES (1, 'QmngQT8PJR3sfqcdk3Kcjf', 'Ayush', 'ayush954@gmail.com', 'google', 'admin', '2025-12-27 17:23:12', '2026-02-04 10:59:29', '2026-02-04 10:59:30');
INSERT INTO `users` (`id`, `openId`, `name`, `email`, `loginMethod`, `role`, `createdAt`, `updatedAt`, `lastSignedIn`) VALUES (990141, 'DCLeWXp9Td2hi8BCBsZZPM', 'Ayush', 'ayush.amail@gmail.com', 'google', 'user', '2026-01-12 08:17:55', '2026-01-12 08:18:11', '2026-01-12 08:18:11');

-- Table: projects
-- Records: 4
DELETE FROM `projects`;
INSERT INTO `projects` (`id`, `name`, `builderName`, `description`, `location`, `city`, `latitude`, `longitude`, `status`, `priceRange`, `minPrice`, `maxPrice`, `configurations`, `reraNumber`, `possessionDate`, `totalUnits`, `towers`, `floors`, `coverImage`, `videoUrl`, `brochureUrl`, `featured`, `createdAt`, `updatedAt`, `masterPlanUrl`, `builderDescription`, `builderLogo`, `builderEstablished`, `builderProjects`, `slug`, `badge`, `customBadgeText`) VALUES (1, 'Pride Purple ', 'Pride Group', 'Pride Purple Park Eden offers premium 2 & 3 BHK apartments in the heart of Kharadi. With world-class amenities and excellent connectivity to IT hubs, this project is perfect for modern families.', 'Kharadi', 'Pune', '18.56790000', '73.91430000', 'Under Construction', '₹1.80 - ₹2.25Cr', '1800000.00', '2249999.00', '3, 4 BHK', 'P52100017620', '2028-12-01 05:00:00', 450, 3, 18, '/images/property-kharadi-1.jpg', 'https://www.youtube.com/watch?v=CUYFXeA-Rj4', 'https://www.pridepurpleproperties.com/brochure/park-eden-brochure.pdf', 1, '2026-01-25 07:12:09', '2026-02-04 06:59:45', NULL, 'Pride Purple Group is one of Pune\'s most trusted real estate developers, established in 1995. With over 25 years of excellence, they have delivered 50+ residential and commercial projects across Pune. Known for innovative designs, quality construction, and timely delivery, Pride Purple has earned the trust of over 15,000 happy homeowners. Their projects are characterized by premium amenities, strategic locations, and sustainable building practices.', '/images/builders/pride-group.jpg', 1995, 50, 'pride-purple-park-eden', 'Best Seller', 'Pre-Launch');
INSERT INTO `projects` (`id`, `name`, `builderName`, `description`, `location`, `city`, `latitude`, `longitude`, `status`, `priceRange`, `minPrice`, `maxPrice`, `configurations`, `reraNumber`, `possessionDate`, `totalUnits`, `towers`, `floors`, `coverImage`, `videoUrl`, `brochureUrl`, `featured`, `createdAt`, `updatedAt`, `masterPlanUrl`, `builderDescription`, `builderLogo`, `builderEstablished`, `builderProjects`, `slug`, `badge`, `customBadgeText`) VALUES (30001, ' Caladium', 'Casagrand', 'Casagrand Caladium, a new launch by the renowned Casagrand Group, is set in the thriving location of Upper Kharadi, Pune. Spread across a well-planned 2.8-acre land parcel, this premium residential community offers thoughtfully designed 2 & 3 BHK apartments starting at just ₹99 Lakhs*. With 20+ world-class amenities, contemporary architecture, and lush landscaped spaces, the project promises a perfect blend of luxury, comfort, and connectivity. Its strategic location ensures easy access to IT hubs, top schools, shopping centres, and entertainment zones, making it an ideal choice for modern families', '14/2, Solacia Internal Road, RMC Garden, Wagholi, Wagholi, Pune, Maharashtra 412207, India', 'Pune', '18.57212330', '73.97445120', 'Under Construction', '1.2 Cr - 1.70 Cr', '12000000.00', '1700000.00', '2,3 BHK', 'P52100080302', '2029-03-30 04:00:00', 334, 5, 6, '/images/property-kharadi-1.jpg', 'https://www.youtube.com/watch?v=aR74le2OvPU', 'https://drive.google.com/file/d/1oxwEdYkhb4s-22U-6j3dv7Q19YSBhcCI/view?usp=drivesdk', 0, '2026-01-30 13:08:49', '2026-02-04 06:59:45', 'https://d2xsxph8kpxj0f.cloudfront.net/310419663026719415/aSHZEBwUmWTuA7HAwuTg3z/property-images/1769859557552-1UNIyATbzG.jpeg', 'Established in 2003 by Mr. Arun M N, Casagrand Premier Builder Limited (CPBL) is a premier South Indian real estate developer headquartered in Chennai. Over 20+ years, it has developed over 26 msf across 107+ projects in Chennai, Bengaluru, and Coimbatore, focusing on residential apartments, villas, and expanding into commercial/warehousing sectors', 'https://d2xsxph8kpxj0f.cloudfront.net/310419663026719415/aSHZEBwUmWTuA7HAwuTg3z/property-images/1769760820455-PLDjD1xIVG.png', 2003, 107, 'caladium', 'Best Seller', 'Pre-Launch');
INSERT INTO `projects` (`id`, `name`, `builderName`, `description`, `location`, `city`, `latitude`, `longitude`, `status`, `priceRange`, `minPrice`, `maxPrice`, `configurations`, `reraNumber`, `possessionDate`, `totalUnits`, `towers`, `floors`, `coverImage`, `videoUrl`, `brochureUrl`, `featured`, `createdAt`, `updatedAt`, `masterPlanUrl`, `builderDescription`, `builderLogo`, `builderEstablished`, `builderProjects`, `slug`, `badge`, `customBadgeText`) VALUES (60001, 'kohinoor keleido phase 2', 'kohinoor', 'Discover the charm of peaceful and refined living with Kohinoor New Launch and Kohinoor Kaleido in Pune, thoughtfully developed by Kohinoor Group. This residential project offers beautifully designed two and three bedroom homes that bring comfort, joy, and functionality to everyday life through smart layouts, modern amenities, and generous open spaces. Safety and security are given top priority at Kohinoor Kaleido Pune, with advanced surveillance systems ensuring a secure living environment. The grand entrance gate and elegantly designed lobby create a warm and welcoming first impression for residents and guests alike.', 'Upper Kharadi Main Rd, Wagholi, Pune, Maharashtra 412207, India', 'Pune', '18.56775270', '73.96278230', 'Under Construction', '98 lac - 1.37 Cr', NULL, '13700000.00', '2,3 BHK', 'P52100046027', '2019-01-01 05:00:00', NULL, 6, 8, '/images/property-kharadi-1.jpg', 'https://youtu.be/X_8Dh9rXWlI?si=nX4_Z0RwxZZ5CmbD', NULL, 0, '2026-02-01 18:48:10', '2026-02-04 06:59:45', 'https://d2xsxph8kpxj0f.cloudfront.net/310419663026719415/aSHZEBwUmWTuA7HAwuTg3z/property-images/1769954877214-1jZlfbsngM.jpeg', NULL, NULL, NULL, 49, 'kohinoor-keleido-phase-2', 'New', 'new launch');
INSERT INTO `projects` (`id`, `name`, `builderName`, `description`, `location`, `city`, `latitude`, `longitude`, `status`, `priceRange`, `minPrice`, `maxPrice`, `configurations`, `reraNumber`, `possessionDate`, `totalUnits`, `towers`, `floors`, `coverImage`, `videoUrl`, `brochureUrl`, `featured`, `createdAt`, `updatedAt`, `masterPlanUrl`, `builderDescription`, `builderLogo`, `builderEstablished`, `builderProjects`, `slug`, `badge`, `customBadgeText`) VALUES (60002, 'Godrej River Crest', '   Godrej', 'Godrej Properties, established in 1990 as part of the Godrej Group, is a premier Indian real estate developer headquartered in Mumbai. Renowned for sustainability, innovation, and trust, it develops residential, commercial, and township projects across 10+ major Indian cities. Listed on BSE/NSE, it is a top-tier, high-growth develope', 'Upper Kharadi Main Rd, Wagholi, Pune, Maharashtra 412207, India', 'Pune', '18.56775270', '73.96278230', 'Under Construction', '₹2.05- ₹2.60Cr', '20500000.00', '26000000.00', '3,4 BHK', 'P52100077127', '2029-10-01 04:00:00', 350, 2, 26, '/images/property-kharadi-1.jpg', NULL, NULL, 0, '2026-02-01 19:46:01', '2026-02-04 06:59:45', 'https://d2xsxph8kpxj0f.cloudfront.net/310419663026719415/aSHZEBwUmWTuA7HAwuTg3z/property-images/1770115576291-u7EEYXH3xm.jpeg', NULL, NULL, NULL, NULL, 'godrej-river-crest', 'Premium', 'new launch');

-- Table: project_amenities
-- Records: 23
DELETE FROM `project_amenities`;
INSERT INTO `project_amenities` (`id`, `projectId`, `name`, `icon`, `displayOrder`, `createdAt`, `imageUrl`) VALUES (330029, 60002, 'Gym', 'Dumbbell', 0, '2026-02-03 16:22:08', NULL);
INSERT INTO `project_amenities` (`id`, `projectId`, `name`, `icon`, `displayOrder`, `createdAt`, `imageUrl`) VALUES (330030, 60002, 'Swimming Pool', 'Waves', 1, '2026-02-03 16:22:08', NULL);
INSERT INTO `project_amenities` (`id`, `projectId`, `name`, `icon`, `displayOrder`, `createdAt`, `imageUrl`) VALUES (330031, 60002, 'Clubhouse', 'Users', 2, '2026-02-03 16:22:08', NULL);
INSERT INTO `project_amenities` (`id`, `projectId`, `name`, `icon`, `displayOrder`, `createdAt`, `imageUrl`) VALUES (330032, 60002, 'Garden', 'Trees', 3, '2026-02-03 16:22:09', NULL);
INSERT INTO `project_amenities` (`id`, `projectId`, `name`, `icon`, `displayOrder`, `createdAt`, `imageUrl`) VALUES (360001, 30001, 'Gym', 'Dumbbell', 0, '2026-02-03 18:37:47', 'https://d2xsxph8kpxj0f.cloudfront.net/310419663026719415/aSHZEBwUmWTuA7HAwuTg3z/property-images/1770085131909-th4ufB-Lxm.jpeg');
INSERT INTO `project_amenities` (`id`, `projectId`, `name`, `icon`, `displayOrder`, `createdAt`, `imageUrl`) VALUES (360002, 30001, 'Garden', 'Trees', 1, '2026-02-03 18:37:48', 'https://d2xsxph8kpxj0f.cloudfront.net/310419663026719415/aSHZEBwUmWTuA7HAwuTg3z/property-images/1770085621805-s7xhk4PxTG.jpeg');
INSERT INTO `project_amenities` (`id`, `projectId`, `name`, `icon`, `displayOrder`, `createdAt`, `imageUrl`) VALUES (360003, 30001, 'Swimming Pool', 'Waves', 2, '2026-02-03 18:37:48', NULL);
INSERT INTO `project_amenities` (`id`, `projectId`, `name`, `icon`, `displayOrder`, `createdAt`, `imageUrl`) VALUES (360004, 30001, 'Clubhouse', 'Users', 3, '2026-02-03 18:37:49', NULL);
INSERT INTO `project_amenities` (`id`, `projectId`, `name`, `icon`, `displayOrder`, `createdAt`, `imageUrl`) VALUES (360005, 60001, 'Garden', 'Trees', 0, '2026-02-03 18:40:17', NULL);
INSERT INTO `project_amenities` (`id`, `projectId`, `name`, `icon`, `displayOrder`, `createdAt`, `imageUrl`) VALUES (360006, 60001, 'Swimming Pool', 'Waves', 1, '2026-02-03 18:40:18', NULL);
INSERT INTO `project_amenities` (`id`, `projectId`, `name`, `icon`, `displayOrder`, `createdAt`, `imageUrl`) VALUES (360007, 60001, 'Gym', 'Dumbbell', 2, '2026-02-03 18:40:18', NULL);
INSERT INTO `project_amenities` (`id`, `projectId`, `name`, `icon`, `displayOrder`, `createdAt`, `imageUrl`) VALUES (360008, 60001, 'Clubhouse', 'Users', 3, '2026-02-03 18:40:19', NULL);
INSERT INTO `project_amenities` (`id`, `projectId`, `name`, `icon`, `displayOrder`, `createdAt`, `imageUrl`) VALUES (360009, 60001, 'Theater', 'Film', 4, '2026-02-03 18:40:19', NULL);
INSERT INTO `project_amenities` (`id`, `projectId`, `name`, `icon`, `displayOrder`, `createdAt`, `imageUrl`) VALUES (360010, 60001, 'Jogging Track', 'Footprints', 5, '2026-02-03 18:40:19', NULL);
INSERT INTO `project_amenities` (`id`, `projectId`, `name`, `icon`, `displayOrder`, `createdAt`, `imageUrl`) VALUES (360047, 1, 'Swimming Pool', 'Waves', 0, '2026-02-03 19:07:39', NULL);
INSERT INTO `project_amenities` (`id`, `projectId`, `name`, `icon`, `displayOrder`, `createdAt`, `imageUrl`) VALUES (360048, 1, 'Gymnasium', 'Dumbbell', 1, '2026-02-03 19:07:39', NULL);
INSERT INTO `project_amenities` (`id`, `projectId`, `name`, `icon`, `displayOrder`, `createdAt`, `imageUrl`) VALUES (360049, 1, 'Clubhouse', 'Home', 2, '2026-02-03 19:07:40', NULL);
INSERT INTO `project_amenities` (`id`, `projectId`, `name`, `icon`, `displayOrder`, `createdAt`, `imageUrl`) VALUES (360050, 1, 'Children\'s Play Area', 'Baby', 3, '2026-02-03 19:07:40', NULL);
INSERT INTO `project_amenities` (`id`, `projectId`, `name`, `icon`, `displayOrder`, `createdAt`, `imageUrl`) VALUES (360051, 1, 'Landscaped Gardens', 'Trees', 4, '2026-02-03 19:07:41', NULL);
INSERT INTO `project_amenities` (`id`, `projectId`, `name`, `icon`, `displayOrder`, `createdAt`, `imageUrl`) VALUES (360052, 1, '24/7 Security', 'Shield', 5, '2026-02-03 19:07:41', NULL);
INSERT INTO `project_amenities` (`id`, `projectId`, `name`, `icon`, `displayOrder`, `createdAt`, `imageUrl`) VALUES (360053, 1, 'Power Backup', 'Zap', 6, '2026-02-03 19:07:41', NULL);
INSERT INTO `project_amenities` (`id`, `projectId`, `name`, `icon`, `displayOrder`, `createdAt`, `imageUrl`) VALUES (360054, 1, 'Covered Parking', 'Car', 7, '2026-02-03 19:07:42', NULL);
INSERT INTO `project_amenities` (`id`, `projectId`, `name`, `icon`, `displayOrder`, `createdAt`, `imageUrl`) VALUES (360055, 1, 'Jogging Track', 'Activity', 8, '2026-02-03 19:07:42', NULL);

-- Table: project_floor_plans
-- Records: 6
DELETE FROM `project_floor_plans`;
INSERT INTO `project_floor_plans` (`id`, `projectId`, `name`, `bedrooms`, `bathrooms`, `area`, `price`, `imageUrl`, `displayOrder`, `createdAt`) VALUES (210007, 60002, '3 BHK', 3, 3, 1391, '0.00', 'https://d2xsxph8kpxj0f.cloudfront.net/310419663026719415/aSHZEBwUmWTuA7HAwuTg3z/property-images/1770116813485-zJX3E4Z93I.png', 0, '2026-02-03 16:22:10');
INSERT INTO `project_floor_plans` (`id`, `projectId`, `name`, `bedrooms`, `bathrooms`, `area`, `price`, `imageUrl`, `displayOrder`, `createdAt`) VALUES (210008, 60002, '4 BHK', 4, 4, 1726, '0.00', 'https://d2xsxph8kpxj0f.cloudfront.net/310419663026719415/aSHZEBwUmWTuA7HAwuTg3z/property-images/1770117634602-xOYvPnXWCF.png', 1, '2026-02-03 16:22:10');
INSERT INTO `project_floor_plans` (`id`, `projectId`, `name`, `bedrooms`, `bathrooms`, `area`, `price`, `imageUrl`, `displayOrder`, `createdAt`) VALUES (240017, 1, '3BHK  - Type A', 3, 3, 1100, '18000000.00', '', 0, '2026-02-03 19:07:43');
INSERT INTO `project_floor_plans` (`id`, `projectId`, `name`, `bedrooms`, `bathrooms`, `area`, `price`, `imageUrl`, `displayOrder`, `createdAt`) VALUES (240018, 1, '3 BHK - Type B', 3, 3, 1200, '19500000.00', '', 1, '2026-02-03 19:07:43');
INSERT INTO `project_floor_plans` (`id`, `projectId`, `name`, `bedrooms`, `bathrooms`, `area`, `price`, `imageUrl`, `displayOrder`, `createdAt`) VALUES (240019, 1, '3 BHK - Type C', 3, 3, 1325, '22500000.00', 'https://d2xsxph8kpxj0f.cloudfront.net/310419663026719415/aSHZEBwUmWTuA7HAwuTg3z/property-images/1770127464666-ZxuHchyOIT.png', 2, '2026-02-03 19:07:43');
INSERT INTO `project_floor_plans` (`id`, `projectId`, `name`, `bedrooms`, `bathrooms`, `area`, `price`, `imageUrl`, `displayOrder`, `createdAt`) VALUES (240020, 1, '4 BHK - Type A', 4, 4, 1700, '29500000.00', 'https://d2xsxph8kpxj0f.cloudfront.net/310419663026719415/aSHZEBwUmWTuA7HAwuTg3z/property-images/1770127454968-5_JE5PRMPe.png', 3, '2026-02-03 19:07:44');

-- Table: project_images
-- Records: 10
DELETE FROM `project_images`;
INSERT INTO `project_images` (`id`, `projectId`, `imageUrl`, `caption`, `displayOrder`, `createdAt`) VALUES (120047, 60002, 'https://d2xsxph8kpxj0f.cloudfront.net/310419663026719415/aSHZEBwUmWTuA7HAwuTg3z/property-images/1770115683551-4UoWdhipjQ.jpeg', '', 0, '2026-02-03 16:22:11');
INSERT INTO `project_images` (`id`, `projectId`, `imageUrl`, `caption`, `displayOrder`, `createdAt`) VALUES (120048, 60002, 'https://d2xsxph8kpxj0f.cloudfront.net/310419663026719415/aSHZEBwUmWTuA7HAwuTg3z/property-images/1770115684105-Rq-YnEl-bY.jpeg', '', 1, '2026-02-03 16:22:12');
INSERT INTO `project_images` (`id`, `projectId`, `imageUrl`, `caption`, `displayOrder`, `createdAt`) VALUES (120049, 60002, 'https://d2xsxph8kpxj0f.cloudfront.net/310419663026719415/aSHZEBwUmWTuA7HAwuTg3z/property-images/1770115684645-0EAjy1JM1i.jpeg', 'images (2)', 2, '2026-02-03 16:22:12');
INSERT INTO `project_images` (`id`, `projectId`, `imageUrl`, `caption`, `displayOrder`, `createdAt`) VALUES (120050, 60002, 'https://d2xsxph8kpxj0f.cloudfront.net/310419663026719415/aSHZEBwUmWTuA7HAwuTg3z/property-images/1770115685140-DzJOX6X_QB.jpeg', '', 3, '2026-02-03 16:22:13');
INSERT INTO `project_images` (`id`, `projectId`, `imageUrl`, `caption`, `displayOrder`, `createdAt`) VALUES (120051, 60002, 'https://d2xsxph8kpxj0f.cloudfront.net/310419663026719415/aSHZEBwUmWTuA7HAwuTg3z/property-images/1770115685749-U8l6NXp7N2.jpeg', '', 4, '2026-02-03 16:22:13');
INSERT INTO `project_images` (`id`, `projectId`, `imageUrl`, `caption`, `displayOrder`, `createdAt`) VALUES (150001, 60001, 'https://d2xsxph8kpxj0f.cloudfront.net/310419663026719415/aSHZEBwUmWTuA7HAwuTg3z/property-images/1769954314650-UzOMFHIm8v.webp', '6948fd1c7228e_kohinoorkaleido-fullelevation', 0, '2026-02-03 18:40:21');
INSERT INTO `project_images` (`id`, `projectId`, `imageUrl`, `caption`, `displayOrder`, `createdAt`) VALUES (150002, 60001, 'https://d2xsxph8kpxj0f.cloudfront.net/310419663026719415/aSHZEBwUmWTuA7HAwuTg3z/property-images/1769954315251-YqRKpJ2A1c.jpeg', 'download (1)', 1, '2026-02-03 18:40:21');
INSERT INTO `project_images` (`id`, `projectId`, `imageUrl`, `caption`, `displayOrder`, `createdAt`) VALUES (150003, 60001, 'https://d2xsxph8kpxj0f.cloudfront.net/310419663026719415/aSHZEBwUmWTuA7HAwuTg3z/property-images/1769954315758-IXUnkuyNUt.jpeg', 'download', 2, '2026-02-03 18:40:22');
INSERT INTO `project_images` (`id`, `projectId`, `imageUrl`, `caption`, `displayOrder`, `createdAt`) VALUES (150004, 60001, 'https://d2xsxph8kpxj0f.cloudfront.net/310419663026719415/aSHZEBwUmWTuA7HAwuTg3z/property-images/1769954316326-igeLBYvQhL.jpeg', 'images', 3, '2026-02-03 18:40:22');
INSERT INTO `project_images` (`id`, `projectId`, `imageUrl`, `caption`, `displayOrder`, `createdAt`) VALUES (150006, 1, 'https://d2xsxph8kpxj0f.cloudfront.net/310419663026719415/aSHZEBwUmWTuA7HAwuTg3z/property-images/1770127650103-L3jJ6mU8F1.jpeg', 'pride puple kharadi', 0, '2026-02-03 19:07:44');

-- Table project_videos: No data

-- Table: properties
-- Records: 9
DELETE FROM `properties`;
INSERT INTO `properties` (`id`, `title`, `description`, `propertyType`, `status`, `location`, `area`, `price`, `priceLabel`, `bedrooms`, `bathrooms`, `area_sqft`, `builder`, `imageUrl`, `featured`, `createdAt`, `updatedAt`, `latitude`, `longitude`, `zone`, `videoUrl`, `badge`, `customBadgeText`, `brochureUrl`, `slug`) VALUES (1, 'Luxury 3BHK Apartment in Kharadi', 'Spacious 3BHK apartment with modern amenities, close to IT parks and shopping centers. Perfect for families.', 'Flat', 'Ready', 'Kharadi, Pune', 'Kharadi', '5500000.00', '₹55L', 3, 2, 1450, 'Kolte Patil', '/images/property-1.jpg', 1, '2025-12-27 17:26:25', '2026-01-25 21:34:18', '18.55127630', '73.94165750', 'east_pune', NULL, NULL, NULL, NULL, 'luxury-3bhk-apartment-in-kharadi');
INSERT INTO `properties` (`id`, `title`, `description`, `propertyType`, `status`, `location`, `area`, `price`, `priceLabel`, `bedrooms`, `bathrooms`, `area_sqft`, `builder`, `imageUrl`, `featured`, `createdAt`, `updatedAt`, `latitude`, `longitude`, `zone`, `videoUrl`, `badge`, `customBadgeText`, `brochureUrl`, `slug`) VALUES (2, 'Premium Office Space in Hinjewadi', 'Grade A office space in Hinjewadi IT Park with excellent connectivity and modern infrastructure.', 'Office', 'Ready', 'Hinjawadi', 'Hinjewadi', '12000000.00', '₹1.2Cr', NULL, NULL, 2500, 'Panchshil Realty', '', 1, '2025-12-27 17:26:26', '2026-02-01 20:02:13', '18.58835790', '73.73741320', 'west_pune', '', 'Big Discount', '', '', 'premium-office-space-in-hinjewadi');
INSERT INTO `properties` (`id`, `title`, `description`, `propertyType`, `status`, `location`, `area`, `price`, `priceLabel`, `bedrooms`, `bathrooms`, `area_sqft`, `builder`, `imageUrl`, `featured`, `createdAt`, `updatedAt`, `latitude`, `longitude`, `zone`, `videoUrl`, `badge`, `customBadgeText`, `brochureUrl`, `slug`) VALUES (3, 'Under Construction 2BHK in Wagholi', 'Affordable 2BHK apartments in upcoming locality with great investment potential.', 'Flat', 'Under-Construction', 'Wagholi', 'Wagholi', '3500000.00', '₹35L', 2, 2, 1050, 'Gera Developments', '/images/property-3.jpg', 0, '2025-12-27 17:26:26', '2026-01-25 21:34:18', '18.58062990', '73.98330990', 'east_pune', NULL, NULL, NULL, NULL, 'under-construction-2bhk-in-wagholi');
INSERT INTO `properties` (`id`, `title`, `description`, `propertyType`, `status`, `location`, `area`, `price`, `priceLabel`, `bedrooms`, `bathrooms`, `area_sqft`, `builder`, `imageUrl`, `featured`, `createdAt`, `updatedAt`, `latitude`, `longitude`, `zone`, `videoUrl`, `badge`, `customBadgeText`, `brochureUrl`, `slug`) VALUES (4, 'Commercial Shop in Viman Nagar', 'Prime location shop perfect for retail business with high footfall area.', 'Shop', 'Ready', 'Viman Nagar, Pune', 'Viman Nagar', '8500000.00', '₹85L', NULL, 1, 800, 'Kumar Properties', '', 0, '2025-12-27 17:26:26', '2026-02-01 20:03:51', '18.58037490', '73.91822650', 'east_pune', '', 'Big Discount', '', '', 'commercial-shop-in-viman-nagar');
INSERT INTO `properties` (`id`, `title`, `description`, `propertyType`, `status`, `location`, `area`, `price`, `priceLabel`, `bedrooms`, `bathrooms`, `area_sqft`, `builder`, `imageUrl`, `featured`, `createdAt`, `updatedAt`, `latitude`, `longitude`, `zone`, `videoUrl`, `badge`, `customBadgeText`, `brochureUrl`, `slug`) VALUES (5, 'Residential Plot in Baner', 'Spacious residential plot in prime Baner location, ready for construction with all approvals.', 'Land', 'Ready', 'Baner', 'Baner', '15000000.00', '₹1.5Cr', NULL, NULL, 3000, '', '/images/property-5.jpg', 1, '2025-12-27 17:26:26', '2026-01-25 21:34:18', NULL, NULL, 'west_pune', NULL, NULL, NULL, NULL, 'residential-plot-in-baner');
INSERT INTO `properties` (`id`, `title`, `description`, `propertyType`, `status`, `location`, `area`, `price`, `priceLabel`, `bedrooms`, `bathrooms`, `area_sqft`, `builder`, `imageUrl`, `featured`, `createdAt`, `updatedAt`, `latitude`, `longitude`, `zone`, `videoUrl`, `badge`, `customBadgeText`, `brochureUrl`, `slug`) VALUES (6, 'Luxury Villa in Mumbai Suburbs', 'Exclusive 4BHK villa with private garden and premium amenities in Mumbai\'s prime location.', 'Flat', 'Ready', 'Mumbai, Maharashtra', 'Powai', '35000000.00', '₹3.5Cr', 4, 4, 3500, 'Lodha Group', '/images/luxury-home.jpg', 1, '2025-12-27 17:26:27', '2026-01-30 07:39:15', '19.05499900', '72.86920350', NULL, '', 'Price Reduced', 'Limited Time', NULL, 'luxury-villa-in-mumbai-suburbs');
INSERT INTO `properties` (`id`, `title`, `description`, `propertyType`, `status`, `location`, `area`, `price`, `priceLabel`, `bedrooms`, `bathrooms`, `area_sqft`, `builder`, `imageUrl`, `featured`, `createdAt`, `updatedAt`, `latitude`, `longitude`, `zone`, `videoUrl`, `badge`, `customBadgeText`, `brochureUrl`, `slug`) VALUES (7, 'Modern Apartment in Dubai Marina', 'Stunning 2BR apartment with sea view in Dubai Marina, fully furnished with world-class amenities.', 'Flat', 'Ready', 'Dubai, Dubai, United Arab Emirates', 'Dubai Marina', '45000000.00', '$550K', 2, 2, 1200, 'Emaar Properties', '/images/property-dubai-marina.jpg', 1, '2025-12-27 17:26:27', '2026-01-25 21:34:18', '25.22963410', '55.28958500', NULL, NULL, NULL, NULL, NULL, 'modern-apartment-in-dubai-marina');
INSERT INTO `properties` (`id`, `title`, `description`, `propertyType`, `status`, `location`, `area`, `price`, `priceLabel`, `bedrooms`, `bathrooms`, `area_sqft`, `builder`, `imageUrl`, `featured`, `createdAt`, `updatedAt`, `latitude`, `longitude`, `zone`, `videoUrl`, `badge`, `customBadgeText`, `brochureUrl`, `slug`) VALUES (8, 'Commercial Space in Bangalore', 'Premium office space in Bangalore\'s tech corridor with excellent connectivity.', 'Office', 'Ready', 'Bengaluru, Karnataka', 'Whitefield', '18000000.00', '₹1.8Cr', NULL, 2, 3000, 'Brigade Group', '/images/property-bangalore-office.jpg', 0, '2025-12-27 17:26:27', '2026-01-25 21:34:18', '12.97679360', '77.59008200', NULL, NULL, NULL, NULL, NULL, 'commercial-space-in-bangalore');
INSERT INTO `properties` (`id`, `title`, `description`, `propertyType`, `status`, `location`, `area`, `price`, `priceLabel`, `bedrooms`, `bathrooms`, `area_sqft`, `builder`, `imageUrl`, `featured`, `createdAt`, `updatedAt`, `latitude`, `longitude`, `zone`, `videoUrl`, `badge`, `customBadgeText`, `brochureUrl`, `slug`) VALUES (630001, 'ultra luxury 4bhk penthouse', 'Lodha Group has several major residential and commercial projects in Kharadi, Pune, most of which are currently under construction with possession dates starting in 2025–2026', 'Flat', 'Under-Construction', 'Kharadi, Pune, Maharashtra, India', 'kharadi', '55000000.00', '60000000', 4, 3, 3344, 'Lodha', '', 0, '2026-02-01 14:18:35', '2026-02-01 18:24:10', '18.55393110', '73.94762570', 'east_pune', '', '', '', '', NULL);

-- Table: property_images
-- Records: 36
DELETE FROM `property_images`;
INSERT INTO `property_images` (`id`, `propertyId`, `imageUrl`, `isCover`, `displayOrder`, `createdAt`, `updatedAt`) VALUES (90861, 6, 'https://d2xsxph8kpxj0f.cloudfront.net/310419663026719415/aSHZEBwUmWTuA7HAwuTg3z/property-images/1769280063131-JiuZ-ryypV.jpeg', 1, 0, '2026-01-25 00:51:31', '2026-01-25 00:51:31');
INSERT INTO `property_images` (`id`, `propertyId`, `imageUrl`, `isCover`, `displayOrder`, `createdAt`, `updatedAt`) VALUES (120031, 510066, 'https://example.com/image1.jpg', 1, 0, '2026-01-25 10:41:38', '2026-01-25 10:41:38');
INSERT INTO `property_images` (`id`, `propertyId`, `imageUrl`, `isCover`, `displayOrder`, `createdAt`, `updatedAt`) VALUES (120032, 510066, 'https://example.com/image2.jpg', 0, 1, '2026-01-25 10:41:38', '2026-01-25 10:41:38');
INSERT INTO `property_images` (`id`, `propertyId`, `imageUrl`, `isCover`, `displayOrder`, `createdAt`, `updatedAt`) VALUES (120034, 510072, 'https://example.com/img1.jpg', 0, 0, '2026-01-25 10:41:41', '2026-01-25 10:41:41');
INSERT INTO `property_images` (`id`, `propertyId`, `imageUrl`, `isCover`, `displayOrder`, `createdAt`, `updatedAt`) VALUES (120035, 510072, 'https://example.com/img2.jpg', 1, 1, '2026-01-25 10:41:41', '2026-01-25 10:41:41');
INSERT INTO `property_images` (`id`, `propertyId`, `imageUrl`, `isCover`, `displayOrder`, `createdAt`, `updatedAt`) VALUES (120036, 510072, 'https://example.com/img3.jpg', 0, 2, '2026-01-25 10:41:41', '2026-01-25 10:41:41');
INSERT INTO `property_images` (`id`, `propertyId`, `imageUrl`, `isCover`, `displayOrder`, `createdAt`, `updatedAt`) VALUES (150001, 540005, 'https://example.com/image1.jpg', 1, 0, '2026-01-25 21:34:52', '2026-01-25 21:34:52');
INSERT INTO `property_images` (`id`, `propertyId`, `imageUrl`, `isCover`, `displayOrder`, `createdAt`, `updatedAt`) VALUES (150002, 540005, 'https://example.com/image2.jpg', 0, 1, '2026-01-25 21:34:52', '2026-01-25 21:34:52');
INSERT INTO `property_images` (`id`, `propertyId`, `imageUrl`, `isCover`, `displayOrder`, `createdAt`, `updatedAt`) VALUES (150004, 540012, 'https://example.com/img1.jpg', 0, 0, '2026-01-25 21:34:55', '2026-01-25 21:34:55');
INSERT INTO `property_images` (`id`, `propertyId`, `imageUrl`, `isCover`, `displayOrder`, `createdAt`, `updatedAt`) VALUES (150005, 540012, 'https://example.com/img2.jpg', 1, 1, '2026-01-25 21:34:55', '2026-01-25 21:34:55');
INSERT INTO `property_images` (`id`, `propertyId`, `imageUrl`, `isCover`, `displayOrder`, `createdAt`, `updatedAt`) VALUES (150006, 540012, 'https://example.com/img3.jpg', 0, 2, '2026-01-25 21:34:55', '2026-01-25 21:34:55');
INSERT INTO `property_images` (`id`, `propertyId`, `imageUrl`, `isCover`, `displayOrder`, `createdAt`, `updatedAt`) VALUES (150007, 540016, 'https://example.com/image1.jpg', 1, 0, '2026-01-25 21:50:19', '2026-01-25 21:50:19');
INSERT INTO `property_images` (`id`, `propertyId`, `imageUrl`, `isCover`, `displayOrder`, `createdAt`, `updatedAt`) VALUES (150008, 540016, 'https://example.com/image2.jpg', 0, 1, '2026-01-25 21:50:19', '2026-01-25 21:50:19');
INSERT INTO `property_images` (`id`, `propertyId`, `imageUrl`, `isCover`, `displayOrder`, `createdAt`, `updatedAt`) VALUES (150010, 540024, 'https://example.com/img1.jpg', 0, 0, '2026-01-25 21:50:21', '2026-01-25 21:50:21');
INSERT INTO `property_images` (`id`, `propertyId`, `imageUrl`, `isCover`, `displayOrder`, `createdAt`, `updatedAt`) VALUES (150011, 540024, 'https://example.com/img2.jpg', 1, 1, '2026-01-25 21:50:21', '2026-01-25 21:50:21');
INSERT INTO `property_images` (`id`, `propertyId`, `imageUrl`, `isCover`, `displayOrder`, `createdAt`, `updatedAt`) VALUES (150012, 540024, 'https://example.com/img3.jpg', 0, 2, '2026-01-25 21:50:22', '2026-01-25 21:50:22');
INSERT INTO `property_images` (`id`, `propertyId`, `imageUrl`, `isCover`, `displayOrder`, `createdAt`, `updatedAt`) VALUES (150013, 540028, 'https://example.com/image1.jpg', 1, 0, '2026-01-25 21:58:39', '2026-01-25 21:58:39');
INSERT INTO `property_images` (`id`, `propertyId`, `imageUrl`, `isCover`, `displayOrder`, `createdAt`, `updatedAt`) VALUES (150014, 540028, 'https://example.com/image2.jpg', 0, 1, '2026-01-25 21:58:40', '2026-01-25 21:58:40');
INSERT INTO `property_images` (`id`, `propertyId`, `imageUrl`, `isCover`, `displayOrder`, `createdAt`, `updatedAt`) VALUES (150016, 540036, 'https://example.com/img1.jpg', 0, 0, '2026-01-25 21:58:42', '2026-01-25 21:58:42');
INSERT INTO `property_images` (`id`, `propertyId`, `imageUrl`, `isCover`, `displayOrder`, `createdAt`, `updatedAt`) VALUES (150017, 540036, 'https://example.com/img2.jpg', 1, 1, '2026-01-25 21:58:42', '2026-01-25 21:58:42');
INSERT INTO `property_images` (`id`, `propertyId`, `imageUrl`, `isCover`, `displayOrder`, `createdAt`, `updatedAt`) VALUES (150018, 540036, 'https://example.com/img3.jpg', 0, 2, '2026-01-25 21:58:42', '2026-01-25 21:58:42');
INSERT INTO `property_images` (`id`, `propertyId`, `imageUrl`, `isCover`, `displayOrder`, `createdAt`, `updatedAt`) VALUES (180001, 570004, 'https://example.com/image1.jpg', 1, 0, '2026-01-26 07:21:43', '2026-01-26 07:21:43');
INSERT INTO `property_images` (`id`, `propertyId`, `imageUrl`, `isCover`, `displayOrder`, `createdAt`, `updatedAt`) VALUES (180002, 570004, 'https://example.com/image2.jpg', 0, 1, '2026-01-26 07:21:43', '2026-01-26 07:21:43');
INSERT INTO `property_images` (`id`, `propertyId`, `imageUrl`, `isCover`, `displayOrder`, `createdAt`, `updatedAt`) VALUES (180004, 570012, 'https://example.com/img1.jpg', 0, 0, '2026-01-26 07:21:45', '2026-01-26 07:21:45');
INSERT INTO `property_images` (`id`, `propertyId`, `imageUrl`, `isCover`, `displayOrder`, `createdAt`, `updatedAt`) VALUES (180005, 570012, 'https://example.com/img2.jpg', 1, 1, '2026-01-26 07:21:46', '2026-01-26 07:21:46');
INSERT INTO `property_images` (`id`, `propertyId`, `imageUrl`, `isCover`, `displayOrder`, `createdAt`, `updatedAt`) VALUES (180006, 570012, 'https://example.com/img3.jpg', 0, 2, '2026-01-26 07:21:46', '2026-01-26 07:21:46');
INSERT INTO `property_images` (`id`, `propertyId`, `imageUrl`, `isCover`, `displayOrder`, `createdAt`, `updatedAt`) VALUES (210001, 600006, 'https://example.com/image1.jpg', 1, 0, '2026-01-26 07:44:16', '2026-01-26 07:44:16');
INSERT INTO `property_images` (`id`, `propertyId`, `imageUrl`, `isCover`, `displayOrder`, `createdAt`, `updatedAt`) VALUES (210002, 600006, 'https://example.com/image2.jpg', 0, 1, '2026-01-26 07:44:16', '2026-01-26 07:44:16');
INSERT INTO `property_images` (`id`, `propertyId`, `imageUrl`, `isCover`, `displayOrder`, `createdAt`, `updatedAt`) VALUES (210004, 600012, 'https://example.com/img1.jpg', 0, 0, '2026-01-26 07:44:18', '2026-01-26 07:44:18');
INSERT INTO `property_images` (`id`, `propertyId`, `imageUrl`, `isCover`, `displayOrder`, `createdAt`, `updatedAt`) VALUES (210005, 600012, 'https://example.com/img2.jpg', 1, 1, '2026-01-26 07:44:19', '2026-01-26 07:44:19');
INSERT INTO `property_images` (`id`, `propertyId`, `imageUrl`, `isCover`, `displayOrder`, `createdAt`, `updatedAt`) VALUES (210006, 600012, 'https://example.com/img3.jpg', 0, 2, '2026-01-26 07:44:19', '2026-01-26 07:44:19');
INSERT INTO `property_images` (`id`, `propertyId`, `imageUrl`, `isCover`, `displayOrder`, `createdAt`, `updatedAt`) VALUES (210007, 600018, 'https://example.com/image1.jpg', 1, 0, '2026-01-26 07:53:33', '2026-01-26 07:53:33');
INSERT INTO `property_images` (`id`, `propertyId`, `imageUrl`, `isCover`, `displayOrder`, `createdAt`, `updatedAt`) VALUES (210008, 600018, 'https://example.com/image2.jpg', 0, 1, '2026-01-26 07:53:34', '2026-01-26 07:53:34');
INSERT INTO `property_images` (`id`, `propertyId`, `imageUrl`, `isCover`, `displayOrder`, `createdAt`, `updatedAt`) VALUES (210010, 600024, 'https://example.com/img1.jpg', 0, 0, '2026-01-26 07:53:36', '2026-01-26 07:53:36');
INSERT INTO `property_images` (`id`, `propertyId`, `imageUrl`, `isCover`, `displayOrder`, `createdAt`, `updatedAt`) VALUES (210011, 600024, 'https://example.com/img2.jpg', 1, 1, '2026-01-26 07:53:36', '2026-01-26 07:53:36');
INSERT INTO `property_images` (`id`, `propertyId`, `imageUrl`, `isCover`, `displayOrder`, `createdAt`, `updatedAt`) VALUES (210012, 600024, 'https://example.com/img3.jpg', 0, 2, '2026-01-26 07:53:37', '2026-01-26 07:53:37');

-- Table: property_videos
-- Records: 2
DELETE FROM `property_videos`;
INSERT INTO `property_videos` (`id`, `propertyId`, `videoUrl`, `videoType`, `displayOrder`, `createdAt`, `updatedAt`) VALUES (11, 6, 'https://www.youtube.com/watch?v=dQw4w9WgXcQ', 'youtube', 0, '2026-01-25 00:51:32', '2026-01-25 00:51:32');
INSERT INTO `property_videos` (`id`, `propertyId`, `videoUrl`, `videoType`, `displayOrder`, `createdAt`, `updatedAt`) VALUES (12, 6, 'https://www.youtube.com/watch?v=9bZkp7q19f0', 'youtube', 1, '2026-01-25 00:51:33', '2026-01-25 00:51:33');

-- Table: inquiries
-- Records: 2
DELETE FROM `inquiries`;
INSERT INTO `inquiries` (`id`, `name`, `email`, `phone`, `message`, `propertyId`, `inquiryType`, `status`, `createdAt`, `updatedAt`) VALUES (3, 'Ayush Agrawal', 'ayush954@gmail.com', '+919325620770', 'Test ', NULL, 'general', 'new', '2025-12-27 17:36:52', '2025-12-27 17:36:52');
INSERT INTO `inquiries` (`id`, `name`, `email`, `phone`, `message`, `propertyId`, `inquiryType`, `status`, `createdAt`, `updatedAt`) VALUES (90001, 'Amit Kumar ', 'ayush954@gmail.com', '9325620770', 'I need land in Kharadi ', NULL, 'general', 'new', '2025-12-29 20:37:27', '2025-12-29 20:37:27');

SET FOREIGN_KEY_CHECKS = 1;
