-- Nivaara Real Estate Database Export
-- Generated: 2026-01-25T16:56:54.061Z
-- Database: aSHZEBwUmWTuA7HAwuTg3z

SET FOREIGN_KEY_CHECKS = 0;

-- Table: users
-- Records: 2
DELETE FROM `users`;
INSERT INTO `users` (`id`, `openId`, `name`, `email`, `loginMethod`, `role`, `createdAt`, `updatedAt`, `lastSignedIn`) VALUES (1, 'QmngQT8PJR3sfqcdk3Kcjf', 'Ayush', 'ayush954@gmail.com', 'google', 'admin', '2025-12-27 17:23:12', '2026-01-25 21:52:24', '2026-01-25 21:52:24');
INSERT INTO `users` (`id`, `openId`, `name`, `email`, `loginMethod`, `role`, `createdAt`, `updatedAt`, `lastSignedIn`) VALUES (990141, 'DCLeWXp9Td2hi8BCBsZZPM', 'Ayush', 'ayush.amail@gmail.com', 'google', 'user', '2026-01-12 08:17:55', '2026-01-12 08:18:11', '2026-01-12 08:18:11');

-- Table: projects
-- Records: 5
DELETE FROM `projects`;
INSERT INTO `projects` (`id`, `name`, `builderName`, `description`, `location`, `city`, `latitude`, `longitude`, `status`, `priceRange`, `minPrice`, `maxPrice`, `configurations`, `reraNumber`, `possessionDate`, `totalUnits`, `towers`, `floors`, `coverImage`, `videoUrl`, `brochureUrl`, `featured`, `createdAt`, `updatedAt`, `masterPlanUrl`, `builderDescription`, `builderLogo`, `builderEstablished`, `builderProjects`, `slug`, `badge`, `customBadgeText`) VALUES (1, 'Pride Purple Park Eden', 'Pride Group', 'Pride Purple Park Eden offers premium 2 & 3 BHK apartments in the heart of Kharadi. With world-class amenities and excellent connectivity to IT hubs, this project is perfect for modern families.', 'Kharadi', 'Pune', '18.56790000', '73.91430000', 'Under Construction', '₹85L - ₹1.45Cr', '8500000.00', '14500000.00', '2, 3 BHK', 'P52100017620', '2028-12-01 05:00:00', 450, 3, 18, '/images/projects/project-1.jpg', 'https://www.youtube.com/watch?v=CUYFXeA-Rj4', 'https://www.pridepurpleproperties.com/brochure/park-eden-brochure.pdf', 1, '2026-01-25 07:12:09', '2026-01-25 11:57:45', NULL, 'Pride Purple Group is one of Pune\'s most trusted real estate developers, established in 1995. With over 25 years of excellence, they have delivered 50+ residential and commercial projects across Pune. Known for innovative designs, quality construction, and timely delivery, Pride Purple has earned the trust of over 15,000 happy homeowners. Their projects are characterized by premium amenities, strategic locations, and sustainable building practices.', '/images/builders/pride-group.jpg', 1995, 50, 'pride-purple-park-eden', 'Best Seller', 'Pre-Launch');
INSERT INTO `projects` (`id`, `name`, `builderName`, `description`, `location`, `city`, `latitude`, `longitude`, `status`, `priceRange`, `minPrice`, `maxPrice`, `configurations`, `reraNumber`, `possessionDate`, `totalUnits`, `towers`, `floors`, `coverImage`, `videoUrl`, `brochureUrl`, `featured`, `createdAt`, `updatedAt`, `masterPlanUrl`, `builderDescription`, `builderLogo`, `builderEstablished`, `builderProjects`, `slug`, `badge`, `customBadgeText`) VALUES (2, 'Kolte Patil 24K Glitterati', 'Kolte Patil Developers', '24K Glitterati is a premium residential project offering luxurious 3 & 4 BHK apartments with world-class amenities. Located in the heart of Kharadi, this project features Italian marble flooring, modular kitchens, and smart home automation. The project is surrounded by lush greenery and offers panoramic views of the city.', 'Kharadi', 'Pune', '18.59120000', '73.73890000', 'Ready to Move', '1.8 Cr - 3.2 Cr', '18000000.00', '32000000.00', '3, 4 BHK', 'P52100025678', '2024-06-01 04:00:00', 180, 2, 28, '/images/projects/project-2.jpg', 'https://www.youtube.com/watch?v=u1ljDLF_goA', 'https://www.koltepatil.com/brochure/24k-glitterati-brochure.pdf', 1, '2026-01-25 07:18:39', '2026-01-25 09:47:03', NULL, 'Kolte-Patil Developers Ltd. is a leading real estate company in Pune, established in 1991. Listed on BSE and NSE, they have delivered over 100 projects spanning 20+ million sq.ft. across residential, commercial, and IT parks. Known for their commitment to quality, transparency, and customer satisfaction, Kolte-Patil has won numerous awards including the \'Most Trusted Brand\' in real estate. Their 24K series represents ultra-luxury living with world-class amenities.', '/images/partners/kolte-patil.png', 1991, 100, 'godrej-infinity', NULL, NULL);
INSERT INTO `projects` (`id`, `name`, `builderName`, `description`, `location`, `city`, `latitude`, `longitude`, `status`, `priceRange`, `minPrice`, `maxPrice`, `configurations`, `reraNumber`, `possessionDate`, `totalUnits`, `towers`, `floors`, `coverImage`, `videoUrl`, `brochureUrl`, `featured`, `createdAt`, `updatedAt`, `masterPlanUrl`, `builderDescription`, `builderLogo`, `builderEstablished`, `builderProjects`, `slug`, `badge`, `customBadgeText`) VALUES (3, 'Kumar Privé', 'Kumar Properties', 'Kumar Privé offers thoughtfully designed 2 & 3 BHK apartments in the rapidly developing Kharadi area. With excellent connectivity to IT parks and the airport, this project is ideal for working professionals. Features include Vastu-compliant designs, ample natural light, and modern amenities.', 'Kharadi', 'Pune', '18.62980000', '73.79970000', 'Under Construction', '95 L - 1.65 Cr', '9500000.00', '16500000.00', '2, 3 BHK', 'P52100034567', '2026-03-01 05:00:00', 320, 4, 22, 'https://d2xsxph8kpxj0f.cloudfront.net/310419663026719415/aSHZEBwUmWTuA7HAwuTg3z/property-images/1769353551908-NCMJPJ8U0P.jpeg', 'https://www.youtube.com/watch?v=T3KGtgWEGW0', 'https://d2xsxph8kpxj0f.cloudfront.net/310419663026719415/aSHZEBwUmWTuA7HAwuTg3z/property-images/1769356013132-mJvu1y732I.pdf', 0, '2026-01-25 07:18:43', '2026-01-25 20:55:16', 'https://d2xsxph8kpxj0f.cloudfront.net/310419663026719415/aSHZEBwUmWTuA7HAwuTg3z/property-images/1769353562290-80tZlAMVCo.jpeg', 'Kumar Properties is one of Pune\'s most trusted and established real estate developers, founded in 1966. With over 55 years of excellence, they have delivered 140+ projects and created homes for 42,000+ happy families across 36 million sq.ft. Known for their commitment to quality, innovation, and customer-centric approach, Kumar Properties has won numerous awards including \'Developer of the Year\'. Their projects are synonymous with premium living and sustainable development.', '/images/partners/kumar-properties.png', 1966, 140, 'kolte-patil-life-republic', 'Special Offer', NULL);
INSERT INTO `projects` (`id`, `name`, `builderName`, `description`, `location`, `city`, `latitude`, `longitude`, `status`, `priceRange`, `minPrice`, `maxPrice`, `configurations`, `reraNumber`, `possessionDate`, `totalUnits`, `towers`, `floors`, `coverImage`, `videoUrl`, `brochureUrl`, `featured`, `createdAt`, `updatedAt`, `masterPlanUrl`, `builderDescription`, `builderLogo`, `builderEstablished`, `builderProjects`, `slug`, `badge`, `customBadgeText`) VALUES (4, 'Nyati Elysia II', 'Nyati Group', 'Nyati Elysia II is a continuation of the successful Elysia project, offering affordable luxury in Kharadi. The project features 1, 2 & 3 BHK apartments with modern architecture and sustainable design. Located near EON IT Park, it offers excellent investment potential.', 'Kharadi', 'Pune', '18.45290000', '73.85670000', 'Under Construction', '78 L - 1.25 Cr', '7800000.00', '12500000.00', '1, 2, 3 BHK', 'P52100045678', '2026-09-01 04:00:00', 450, 5, 18, '/images/projects/project-4.jpg', 'https://www.youtube.com/watch?v=h6vYJFj93RM', 'https://www.nyatigroup.com/brochure/nyati-elysia-brochure.pdf', 1, '2026-01-25 07:18:46', '2026-01-25 09:47:03', NULL, 'Nyati Group is a renowned real estate developer in Pune, established in 2004. With a vision to create exceptional living spaces, they have delivered 25+ residential and commercial projects across Pune. Known for their innovative designs, quality construction, and customer-first approach, Nyati Group has earned the trust of thousands of homeowners. Their projects feature modern architecture, premium amenities, and strategic locations near IT hubs.', '/images/partners/nyati-group.png', 2004, 25, 'shapoorji-pallonji-joyville', NULL, NULL);
INSERT INTO `projects` (`id`, `name`, `builderName`, `description`, `location`, `city`, `latitude`, `longitude`, `status`, `priceRange`, `minPrice`, `maxPrice`, `configurations`, `reraNumber`, `possessionDate`, `totalUnits`, `towers`, `floors`, `coverImage`, `videoUrl`, `brochureUrl`, `featured`, `createdAt`, `updatedAt`, `masterPlanUrl`, `builderDescription`, `builderLogo`, `builderEstablished`, `builderProjects`, `slug`, `badge`, `customBadgeText`) VALUES (5, 'Paranjape Blue Ridge', 'Paranjape Schemes', 'Blue Ridge is an upcoming ultra-luxury township project spanning 50 acres in Kharadi. This integrated township will feature residential towers, a shopping complex, schools, and healthcare facilities. Pre-launch bookings are now open with attractive early bird offers.', 'Kharadi', 'Pune', '18.52040000', '73.85670000', 'Upcoming', '1.1 Cr - 2.8 Cr', '11000000.00', '28000000.00', '2, 3, 4 BHK', 'P52100056789', '2028-11-29 05:00:00', 800, 8, 32, '/images/projects/project-5.jpg', 'https://www.youtube.com/watch?v=NogJrFYaUMQ', 'https://www.pscl.in/brochure/blue-ridge-brochure.pdf', 1, '2026-01-25 07:18:49', '2026-01-25 10:27:37', NULL, 'Paranjape Schemes (Construction) Ltd. is one of Pune\'s oldest and most respected real estate developers, established in 1987. With over 35 years of excellence, they have delivered 60+ landmark projects including the iconic Blue Ridge Township. Known for their integrated townships, sustainable development, and community-focused approach, Paranjape has transformed Pune\'s skyline. Their projects are characterized by thoughtful planning, green spaces, and world-class amenities.', '/images/partners/paranjape-schemes.png', 1987, 60, 'kumar-princetown-royal', 'Premium', NULL);

-- Table: project_amenities
-- Records: 50
DELETE FROM `project_amenities`;
INSERT INTO `project_amenities` (`id`, `projectId`, `name`, `icon`, `displayOrder`, `createdAt`, `imageUrl`) VALUES (11, 2, 'Infinity Pool', 'Waves', 0, '2026-01-25 07:18:40', '/images/amenities/infinity-pool.jpg');
INSERT INTO `project_amenities` (`id`, `projectId`, `name`, `icon`, `displayOrder`, `createdAt`, `imageUrl`) VALUES (12, 2, 'Sky Lounge', 'Home', 0, '2026-01-25 07:18:40', '/images/amenities/sky-lounge.jpg');
INSERT INTO `project_amenities` (`id`, `projectId`, `name`, `icon`, `displayOrder`, `createdAt`, `imageUrl`) VALUES (13, 2, 'Private Theater', 'Music', 0, '2026-01-25 07:18:40', '/images/amenities/private-theater.jpg');
INSERT INTO `project_amenities` (`id`, `projectId`, `name`, `icon`, `displayOrder`, `createdAt`, `imageUrl`) VALUES (14, 2, 'Spa & Wellness', 'Heart', 0, '2026-01-25 07:18:40', '/images/amenities/spa-wellness.jpg');
INSERT INTO `project_amenities` (`id`, `projectId`, `name`, `icon`, `displayOrder`, `createdAt`, `imageUrl`) VALUES (15, 2, 'Concierge Service', 'Users', 0, '2026-01-25 07:18:40', '/images/amenities/clubhouse.jpg');
INSERT INTO `project_amenities` (`id`, `projectId`, `name`, `icon`, `displayOrder`, `createdAt`, `imageUrl`) VALUES (16, 2, 'Wine Cellar', 'Home', 0, '2026-01-25 07:18:41', '/images/amenities/garden-lounge.jpg');
INSERT INTO `project_amenities` (`id`, `projectId`, `name`, `icon`, `displayOrder`, `createdAt`, `imageUrl`) VALUES (17, 2, 'Rooftop Garden', 'Trees', 0, '2026-01-25 07:18:41', '/images/amenities/rooftop-garden.jpg');
INSERT INTO `project_amenities` (`id`, `projectId`, `name`, `icon`, `displayOrder`, `createdAt`, `imageUrl`) VALUES (18, 2, 'Smart Home', 'Smartphone', 0, '2026-01-25 07:18:41', '/images/amenities/swimming-pool.jpg');
INSERT INTO `project_amenities` (`id`, `projectId`, `name`, `icon`, `displayOrder`, `createdAt`, `imageUrl`) VALUES (19, 2, 'Valet Parking', 'Car', 0, '2026-01-25 07:18:41', '/images/amenities/garden.jpg');
INSERT INTO `project_amenities` (`id`, `projectId`, `name`, `icon`, `displayOrder`, `createdAt`, `imageUrl`) VALUES (20, 2, 'Business Center', 'BookOpen', 0, '2026-01-25 07:18:42', '/images/amenities/gym.jpg');
INSERT INTO `project_amenities` (`id`, `projectId`, `name`, `icon`, `displayOrder`, `createdAt`, `imageUrl`) VALUES (31, 4, 'Swimming Pool', 'Waves', 0, '2026-01-25 07:18:46', NULL);
INSERT INTO `project_amenities` (`id`, `projectId`, `name`, `icon`, `displayOrder`, `createdAt`, `imageUrl`) VALUES (32, 4, 'Fitness Center', 'Dumbbell', 0, '2026-01-25 07:18:47', NULL);
INSERT INTO `project_amenities` (`id`, `projectId`, `name`, `icon`, `displayOrder`, `createdAt`, `imageUrl`) VALUES (33, 4, 'Kids Zone', 'Baby', 0, '2026-01-25 07:18:47', NULL);
INSERT INTO `project_amenities` (`id`, `projectId`, `name`, `icon`, `displayOrder`, `createdAt`, `imageUrl`) VALUES (34, 4, 'Senior Citizen Area', 'Users', 0, '2026-01-25 07:18:47', NULL);
INSERT INTO `project_amenities` (`id`, `projectId`, `name`, `icon`, `displayOrder`, `createdAt`, `imageUrl`) VALUES (35, 4, 'Landscaped Gardens', 'Trees', 0, '2026-01-25 07:18:47', NULL);
INSERT INTO `project_amenities` (`id`, `projectId`, `name`, `icon`, `displayOrder`, `createdAt`, `imageUrl`) VALUES (36, 4, 'Amphitheater', 'Music', 0, '2026-01-25 07:18:47', NULL);
INSERT INTO `project_amenities` (`id`, `projectId`, `name`, `icon`, `displayOrder`, `createdAt`, `imageUrl`) VALUES (37, 4, 'Yoga Deck', 'Heart', 0, '2026-01-25 07:18:48', NULL);
INSERT INTO `project_amenities` (`id`, `projectId`, `name`, `icon`, `displayOrder`, `createdAt`, `imageUrl`) VALUES (38, 4, 'EV Charging', 'Zap', 0, '2026-01-25 07:18:48', NULL);
INSERT INTO `project_amenities` (`id`, `projectId`, `name`, `icon`, `displayOrder`, `createdAt`, `imageUrl`) VALUES (39, 4, 'Visitor Parking', 'Car', 0, '2026-01-25 07:18:48', NULL);
INSERT INTO `project_amenities` (`id`, `projectId`, `name`, `icon`, `displayOrder`, `createdAt`, `imageUrl`) VALUES (40, 4, 'CCTV Surveillance', 'Shield', 0, '2026-01-25 07:18:48', NULL);
INSERT INTO `project_amenities` (`id`, `projectId`, `name`, `icon`, `displayOrder`, `createdAt`, `imageUrl`) VALUES (30031, 5, 'Olympic Pool', 'Waves', 0, '2026-01-25 10:27:38', NULL);
INSERT INTO `project_amenities` (`id`, `projectId`, `name`, `icon`, `displayOrder`, `createdAt`, `imageUrl`) VALUES (30032, 5, 'Sports Complex', 'Activity', 1, '2026-01-25 10:27:39', NULL);
INSERT INTO `project_amenities` (`id`, `projectId`, `name`, `icon`, `displayOrder`, `createdAt`, `imageUrl`) VALUES (30033, 5, 'International School', 'BookOpen', 2, '2026-01-25 10:27:40', NULL);
INSERT INTO `project_amenities` (`id`, `projectId`, `name`, `icon`, `displayOrder`, `createdAt`, `imageUrl`) VALUES (30034, 5, 'Healthcare Center', 'Heart', 3, '2026-01-25 10:27:40', NULL);
INSERT INTO `project_amenities` (`id`, `projectId`, `name`, `icon`, `displayOrder`, `createdAt`, `imageUrl`) VALUES (30035, 5, 'Shopping Mall', 'Home', 4, '2026-01-25 10:27:41', NULL);
INSERT INTO `project_amenities` (`id`, `projectId`, `name`, `icon`, `displayOrder`, `createdAt`, `imageUrl`) VALUES (30036, 5, 'Central Park', 'Trees', 5, '2026-01-25 10:27:42', NULL);
INSERT INTO `project_amenities` (`id`, `projectId`, `name`, `icon`, `displayOrder`, `createdAt`, `imageUrl`) VALUES (30037, 5, 'Multi-level Parking', 'Car', 6, '2026-01-25 10:27:43', NULL);
INSERT INTO `project_amenities` (`id`, `projectId`, `name`, `icon`, `displayOrder`, `createdAt`, `imageUrl`) VALUES (30038, 5, 'Smart Township', 'Smartphone', 7, '2026-01-25 10:27:43', NULL);
INSERT INTO `project_amenities` (`id`, `projectId`, `name`, `icon`, `displayOrder`, `createdAt`, `imageUrl`) VALUES (30039, 5, '24/7 Security', 'Shield', 8, '2026-01-25 10:27:44', NULL);
INSERT INTO `project_amenities` (`id`, `projectId`, `name`, `icon`, `displayOrder`, `createdAt`, `imageUrl`) VALUES (30040, 5, 'Community Center', 'Users', 9, '2026-01-25 10:27:45', NULL);
INSERT INTO `project_amenities` (`id`, `projectId`, `name`, `icon`, `displayOrder`, `createdAt`, `imageUrl`) VALUES (60031, 1, 'Swimming Pool', 'Waves', 0, '2026-01-25 11:42:43', '/images/amenities/swimming-pool.jpg');
INSERT INTO `project_amenities` (`id`, `projectId`, `name`, `icon`, `displayOrder`, `createdAt`, `imageUrl`) VALUES (60032, 1, 'Gymnasium', 'Dumbbell', 1, '2026-01-25 11:42:44', '/images/amenities/gym.jpg');
INSERT INTO `project_amenities` (`id`, `projectId`, `name`, `icon`, `displayOrder`, `createdAt`, `imageUrl`) VALUES (60033, 1, 'Clubhouse', 'Home', 2, '2026-01-25 11:42:44', '/images/amenities/clubhouse.jpg');
INSERT INTO `project_amenities` (`id`, `projectId`, `name`, `icon`, `displayOrder`, `createdAt`, `imageUrl`) VALUES (60034, 1, 'Children\'s Play Area', 'Baby', 3, '2026-01-25 11:42:45', '/images/amenities/kids-play.jpg');
INSERT INTO `project_amenities` (`id`, `projectId`, `name`, `icon`, `displayOrder`, `createdAt`, `imageUrl`) VALUES (60035, 1, 'Landscaped Gardens', 'Trees', 4, '2026-01-25 11:42:45', '/images/amenities/garden-lounge.jpg');
INSERT INTO `project_amenities` (`id`, `projectId`, `name`, `icon`, `displayOrder`, `createdAt`, `imageUrl`) VALUES (60036, 1, '24/7 Security', 'Shield', 5, '2026-01-25 11:42:46', NULL);
INSERT INTO `project_amenities` (`id`, `projectId`, `name`, `icon`, `displayOrder`, `createdAt`, `imageUrl`) VALUES (60037, 1, 'Power Backup', 'Zap', 6, '2026-01-25 11:42:46', NULL);
INSERT INTO `project_amenities` (`id`, `projectId`, `name`, `icon`, `displayOrder`, `createdAt`, `imageUrl`) VALUES (60038, 1, 'Covered Parking', 'Car', 7, '2026-01-25 11:42:47', NULL);
INSERT INTO `project_amenities` (`id`, `projectId`, `name`, `icon`, `displayOrder`, `createdAt`, `imageUrl`) VALUES (60039, 1, 'Jogging Track', 'Activity', 8, '2026-01-25 11:42:47', NULL);
INSERT INTO `project_amenities` (`id`, `projectId`, `name`, `icon`, `displayOrder`, `createdAt`, `imageUrl`) VALUES (60040, 1, 'Indoor Games Room', 'Gamepad2', 9, '2026-01-25 11:42:47', NULL);
INSERT INTO `project_amenities` (`id`, `projectId`, `name`, `icon`, `displayOrder`, `createdAt`, `imageUrl`) VALUES (120021, 3, 'Swimming Pool', 'Waves', 0, '2026-01-25 20:55:17', NULL);
INSERT INTO `project_amenities` (`id`, `projectId`, `name`, `icon`, `displayOrder`, `createdAt`, `imageUrl`) VALUES (120022, 3, 'Gymnasium', 'Dumbbell', 1, '2026-01-25 20:55:17', NULL);
INSERT INTO `project_amenities` (`id`, `projectId`, `name`, `icon`, `displayOrder`, `createdAt`, `imageUrl`) VALUES (120023, 3, 'Clubhouse', 'Home', 2, '2026-01-25 20:55:17', NULL);
INSERT INTO `project_amenities` (`id`, `projectId`, `name`, `icon`, `displayOrder`, `createdAt`, `imageUrl`) VALUES (120024, 3, 'Children\'s Play Area', 'Baby', 3, '2026-01-25 20:55:18', NULL);
INSERT INTO `project_amenities` (`id`, `projectId`, `name`, `icon`, `displayOrder`, `createdAt`, `imageUrl`) VALUES (120025, 3, 'Jogging Track', 'Activity', 4, '2026-01-25 20:55:18', NULL);
INSERT INTO `project_amenities` (`id`, `projectId`, `name`, `icon`, `displayOrder`, `createdAt`, `imageUrl`) VALUES (120026, 3, 'Indoor Games', 'Gamepad2', 5, '2026-01-25 20:55:19', NULL);
INSERT INTO `project_amenities` (`id`, `projectId`, `name`, `icon`, `displayOrder`, `createdAt`, `imageUrl`) VALUES (120027, 3, 'Multipurpose Hall', 'Users', 6, '2026-01-25 20:55:19', NULL);
INSERT INTO `project_amenities` (`id`, `projectId`, `name`, `icon`, `displayOrder`, `createdAt`, `imageUrl`) VALUES (120028, 3, '24/7 Security', 'Shield', 7, '2026-01-25 20:55:19', NULL);
INSERT INTO `project_amenities` (`id`, `projectId`, `name`, `icon`, `displayOrder`, `createdAt`, `imageUrl`) VALUES (120029, 3, 'Power Backup', 'Zap', 8, '2026-01-25 20:55:20', NULL);
INSERT INTO `project_amenities` (`id`, `projectId`, `name`, `icon`, `displayOrder`, `createdAt`, `imageUrl`) VALUES (120030, 3, 'Covered Parking', 'Car', 9, '2026-01-25 20:55:20', NULL);

-- Table: project_floor_plans
-- Records: 20
DELETE FROM `project_floor_plans`;
INSERT INTO `project_floor_plans` (`id`, `projectId`, `name`, `bedrooms`, `bathrooms`, `area`, `price`, `imageUrl`, `displayOrder`, `createdAt`) VALUES (5, 2, '3 BHK Luxury', 3, 3, 1850, '18000000.00', NULL, 0, '2026-01-25 07:18:42');
INSERT INTO `project_floor_plans` (`id`, `projectId`, `name`, `bedrooms`, `bathrooms`, `area`, `price`, `imageUrl`, `displayOrder`, `createdAt`) VALUES (6, 2, '3 BHK Premium', 3, 4, 2100, '21000000.00', NULL, 0, '2026-01-25 07:18:42');
INSERT INTO `project_floor_plans` (`id`, `projectId`, `name`, `bedrooms`, `bathrooms`, `area`, `price`, `imageUrl`, `displayOrder`, `createdAt`) VALUES (7, 2, '4 BHK Elite', 4, 4, 2650, '26500000.00', NULL, 0, '2026-01-25 07:18:42');
INSERT INTO `project_floor_plans` (`id`, `projectId`, `name`, `bedrooms`, `bathrooms`, `area`, `price`, `imageUrl`, `displayOrder`, `createdAt`) VALUES (8, 2, '4 BHK Penthouse', 4, 5, 3200, '32000000.00', NULL, 0, '2026-01-25 07:18:43');
INSERT INTO `project_floor_plans` (`id`, `projectId`, `name`, `bedrooms`, `bathrooms`, `area`, `price`, `imageUrl`, `displayOrder`, `createdAt`) VALUES (13, 4, '1 BHK Studio', 1, 1, 650, '7800000.00', NULL, 0, '2026-01-25 07:18:48');
INSERT INTO `project_floor_plans` (`id`, `projectId`, `name`, `bedrooms`, `bathrooms`, `area`, `price`, `imageUrl`, `displayOrder`, `createdAt`) VALUES (14, 4, '2 BHK Comfort', 2, 2, 950, '9500000.00', NULL, 0, '2026-01-25 07:18:49');
INSERT INTO `project_floor_plans` (`id`, `projectId`, `name`, `bedrooms`, `bathrooms`, `area`, `price`, `imageUrl`, `displayOrder`, `createdAt`) VALUES (15, 4, '2 BHK Premium', 2, 2, 1100, '11000000.00', NULL, 0, '2026-01-25 07:18:49');
INSERT INTO `project_floor_plans` (`id`, `projectId`, `name`, `bedrooms`, `bathrooms`, `area`, `price`, `imageUrl`, `displayOrder`, `createdAt`) VALUES (16, 4, '3 BHK Family', 3, 2, 1250, '12500000.00', NULL, 0, '2026-01-25 07:18:49');
INSERT INTO `project_floor_plans` (`id`, `projectId`, `name`, `bedrooms`, `bathrooms`, `area`, `price`, `imageUrl`, `displayOrder`, `createdAt`) VALUES (30013, 5, '2 BHK Classic', 2, 2, 1100, '11000000.00', '', 0, '2026-01-25 10:27:46');
INSERT INTO `project_floor_plans` (`id`, `projectId`, `name`, `bedrooms`, `bathrooms`, `area`, `price`, `imageUrl`, `displayOrder`, `createdAt`) VALUES (30014, 5, '3 BHK Premium', 3, 3, 1550, '15500000.00', '', 1, '2026-01-25 10:27:47');
INSERT INTO `project_floor_plans` (`id`, `projectId`, `name`, `bedrooms`, `bathrooms`, `area`, `price`, `imageUrl`, `displayOrder`, `createdAt`) VALUES (30015, 5, '3 BHK Luxury', 3, 3, 1850, '18500000.00', '', 2, '2026-01-25 10:27:48');
INSERT INTO `project_floor_plans` (`id`, `projectId`, `name`, `bedrooms`, `bathrooms`, `area`, `price`, `imageUrl`, `displayOrder`, `createdAt`) VALUES (30016, 5, '4 BHK Villa', 4, 4, 2800, '28000000.00', '', 3, '2026-01-25 10:27:49');
INSERT INTO `project_floor_plans` (`id`, `projectId`, `name`, `bedrooms`, `bathrooms`, `area`, `price`, `imageUrl`, `displayOrder`, `createdAt`) VALUES (60013, 1, '2 BHK - Type A', 2, 2, 950, '8500000.00', '', 0, '2026-01-25 11:42:48');
INSERT INTO `project_floor_plans` (`id`, `projectId`, `name`, `bedrooms`, `bathrooms`, `area`, `price`, `imageUrl`, `displayOrder`, `createdAt`) VALUES (60014, 1, '2 BHK - Type B', 2, 2, 1050, '9500000.00', '', 1, '2026-01-25 11:42:49');
INSERT INTO `project_floor_plans` (`id`, `projectId`, `name`, `bedrooms`, `bathrooms`, `area`, `price`, `imageUrl`, `displayOrder`, `createdAt`) VALUES (60015, 1, '3 BHK - Type A', 3, 3, 1350, '12500000.00', '', 2, '2026-01-25 11:42:49');
INSERT INTO `project_floor_plans` (`id`, `projectId`, `name`, `bedrooms`, `bathrooms`, `area`, `price`, `imageUrl`, `displayOrder`, `createdAt`) VALUES (60016, 1, '3 BHK - Type B', 3, 3, 1550, '14500000.00', '', 3, '2026-01-25 11:42:50');
INSERT INTO `project_floor_plans` (`id`, `projectId`, `name`, `bedrooms`, `bathrooms`, `area`, `price`, `imageUrl`, `displayOrder`, `createdAt`) VALUES (120009, 3, '2 BHK Compact', 2, 2, 980, '9500000.00', '', 0, '2026-01-25 20:55:21');
INSERT INTO `project_floor_plans` (`id`, `projectId`, `name`, `bedrooms`, `bathrooms`, `area`, `price`, `imageUrl`, `displayOrder`, `createdAt`) VALUES (120010, 3, '2 BHK Spacious', 2, 2, 1150, '11500000.00', '', 1, '2026-01-25 20:55:21');
INSERT INTO `project_floor_plans` (`id`, `projectId`, `name`, `bedrooms`, `bathrooms`, `area`, `price`, `imageUrl`, `displayOrder`, `createdAt`) VALUES (120011, 3, '3 BHK Standard', 3, 2, 1380, '13800000.00', '', 2, '2026-01-25 20:55:22');
INSERT INTO `project_floor_plans` (`id`, `projectId`, `name`, `bedrooms`, `bathrooms`, `area`, `price`, `imageUrl`, `displayOrder`, `createdAt`) VALUES (120012, 3, '3 BHK Large', 3, 3, 1650, '16500000.00', '', 3, '2026-01-25 20:55:22');

-- Table: project_images
-- Records: 1
DELETE FROM `project_images`;
INSERT INTO `project_images` (`id`, `projectId`, `imageUrl`, `caption`, `displayOrder`, `createdAt`) VALUES (30004, 3, 'https://d2xsxph8kpxj0f.cloudfront.net/310419663026719415/aSHZEBwUmWTuA7HAwuTg3z/property-images/1769353463962-vD88Db9htH.jpeg', '1000320149', 0, '2026-01-25 20:55:23');

-- Table: project_videos
-- Records: 1
DELETE FROM `project_videos`;
INSERT INTO `project_videos` (`id`, `projectId`, `videoUrl`, `videoType`, `title`, `displayOrder`, `createdAt`) VALUES (30004, 3, 'https://youtu.be/3Q5_EAhA2UY?si=-lC32aVKKGHqgYar', 'youtube', 'The way ', 0, '2026-01-25 20:55:24');

-- Table: properties
-- Records: 20
DELETE FROM `properties`;
INSERT INTO `properties` (`id`, `title`, `description`, `propertyType`, `status`, `location`, `area`, `price`, `priceLabel`, `bedrooms`, `bathrooms`, `area_sqft`, `builder`, `imageUrl`, `featured`, `createdAt`, `updatedAt`, `latitude`, `longitude`, `zone`, `videoUrl`, `badge`, `customBadgeText`, `brochureUrl`, `slug`) VALUES (1, 'Luxury 3BHK Apartment in Kharadi', 'Spacious 3BHK apartment with modern amenities, close to IT parks and shopping centers. Perfect for families.', 'Flat', 'Ready', 'Kharadi, Pune', 'Kharadi', '5500000.00', '₹55L', 3, 2, 1450, 'Kolte Patil', '/images/property-1.jpg', 1, '2025-12-27 17:26:25', '2026-01-25 21:34:18', '18.55127630', '73.94165750', 'east_pune', NULL, NULL, NULL, NULL, 'luxury-3bhk-apartment-in-kharadi');
INSERT INTO `properties` (`id`, `title`, `description`, `propertyType`, `status`, `location`, `area`, `price`, `priceLabel`, `bedrooms`, `bathrooms`, `area_sqft`, `builder`, `imageUrl`, `featured`, `createdAt`, `updatedAt`, `latitude`, `longitude`, `zone`, `videoUrl`, `badge`, `customBadgeText`, `brochureUrl`, `slug`) VALUES (2, 'Premium Office Space in Hinjewadi', 'Grade A office space in Hinjewadi IT Park with excellent connectivity and modern infrastructure.', 'Office', 'Ready', 'Hinjawadi', 'Hinjewadi', '12000000.00', '₹1.2Cr', NULL, NULL, 2500, 'Panchshil Realty', '/images/property-2.jpg', 1, '2025-12-27 17:26:26', '2026-01-25 21:34:18', '18.58835790', '73.73741320', 'west_pune', NULL, NULL, NULL, NULL, 'premium-office-space-in-hinjewadi');
INSERT INTO `properties` (`id`, `title`, `description`, `propertyType`, `status`, `location`, `area`, `price`, `priceLabel`, `bedrooms`, `bathrooms`, `area_sqft`, `builder`, `imageUrl`, `featured`, `createdAt`, `updatedAt`, `latitude`, `longitude`, `zone`, `videoUrl`, `badge`, `customBadgeText`, `brochureUrl`, `slug`) VALUES (3, 'Under Construction 2BHK in Wagholi', 'Affordable 2BHK apartments in upcoming locality with great investment potential.', 'Flat', 'Under-Construction', 'Wagholi', 'Wagholi', '3500000.00', '₹35L', 2, 2, 1050, 'Gera Developments', '/images/property-3.jpg', 0, '2025-12-27 17:26:26', '2026-01-25 21:34:18', '18.58062990', '73.98330990', 'east_pune', NULL, NULL, NULL, NULL, 'under-construction-2bhk-in-wagholi');
INSERT INTO `properties` (`id`, `title`, `description`, `propertyType`, `status`, `location`, `area`, `price`, `priceLabel`, `bedrooms`, `bathrooms`, `area_sqft`, `builder`, `imageUrl`, `featured`, `createdAt`, `updatedAt`, `latitude`, `longitude`, `zone`, `videoUrl`, `badge`, `customBadgeText`, `brochureUrl`, `slug`) VALUES (4, 'Commercial Shop in Viman Nagar', 'Prime location shop perfect for retail business with high footfall area.', 'Shop', 'Ready', 'Viman Nagar, Pune', 'Viman Nagar', '8500000.00', '₹85L', NULL, 1, 800, 'Kumar Properties', '/images/property-4.jpg', 0, '2025-12-27 17:26:26', '2026-01-25 21:34:18', '18.58037490', '73.91822650', 'east_pune', NULL, NULL, NULL, NULL, 'commercial-shop-in-viman-nagar');
INSERT INTO `properties` (`id`, `title`, `description`, `propertyType`, `status`, `location`, `area`, `price`, `priceLabel`, `bedrooms`, `bathrooms`, `area_sqft`, `builder`, `imageUrl`, `featured`, `createdAt`, `updatedAt`, `latitude`, `longitude`, `zone`, `videoUrl`, `badge`, `customBadgeText`, `brochureUrl`, `slug`) VALUES (5, 'Residential Plot in Baner', 'Spacious residential plot in prime Baner location, ready for construction with all approvals.', 'Land', 'Ready', 'Baner', 'Baner', '15000000.00', '₹1.5Cr', NULL, NULL, 3000, '', '/images/property-5.jpg', 1, '2025-12-27 17:26:26', '2026-01-25 21:34:18', NULL, NULL, 'west_pune', NULL, NULL, NULL, NULL, 'residential-plot-in-baner');
INSERT INTO `properties` (`id`, `title`, `description`, `propertyType`, `status`, `location`, `area`, `price`, `priceLabel`, `bedrooms`, `bathrooms`, `area_sqft`, `builder`, `imageUrl`, `featured`, `createdAt`, `updatedAt`, `latitude`, `longitude`, `zone`, `videoUrl`, `badge`, `customBadgeText`, `brochureUrl`, `slug`) VALUES (6, 'Luxury Villa in Mumbai Suburbs', 'Exclusive 4BHK villa with private garden and premium amenities in Mumbai\'s prime location.', 'Flat', 'Ready', 'Mumbai, Maharashtra', 'Powai', '35000000.00', '₹3.5Cr', 4, 4, 3500, 'Lodha Group', 'https://d2xsxph8kpxj0f.cloudfront.net/310419663026719415/aSHZEBwUmWTuA7HAwuTg3z/property-images/1769280063131-JiuZ-ryypV.jpeg', 1, '2025-12-27 17:26:27', '2026-01-25 21:26:09', '19.05499900', '72.86920350', NULL, '', 'Price Reduced', 'Limited Time', NULL, 'luxury-villa-in-mumbai-suburbs');
INSERT INTO `properties` (`id`, `title`, `description`, `propertyType`, `status`, `location`, `area`, `price`, `priceLabel`, `bedrooms`, `bathrooms`, `area_sqft`, `builder`, `imageUrl`, `featured`, `createdAt`, `updatedAt`, `latitude`, `longitude`, `zone`, `videoUrl`, `badge`, `customBadgeText`, `brochureUrl`, `slug`) VALUES (7, 'Modern Apartment in Dubai Marina', 'Stunning 2BR apartment with sea view in Dubai Marina, fully furnished with world-class amenities.', 'Flat', 'Ready', 'Dubai, Dubai, United Arab Emirates', 'Dubai Marina', '45000000.00', '$550K', 2, 2, 1200, 'Emaar Properties', '/images/property-dubai-marina.jpg', 1, '2025-12-27 17:26:27', '2026-01-25 21:34:18', '25.22963410', '55.28958500', NULL, NULL, NULL, NULL, NULL, 'modern-apartment-in-dubai-marina');
INSERT INTO `properties` (`id`, `title`, `description`, `propertyType`, `status`, `location`, `area`, `price`, `priceLabel`, `bedrooms`, `bathrooms`, `area_sqft`, `builder`, `imageUrl`, `featured`, `createdAt`, `updatedAt`, `latitude`, `longitude`, `zone`, `videoUrl`, `badge`, `customBadgeText`, `brochureUrl`, `slug`) VALUES (8, 'Commercial Space in Bangalore', 'Premium office space in Bangalore\'s tech corridor with excellent connectivity.', 'Office', 'Ready', 'Bengaluru, Karnataka', 'Whitefield', '18000000.00', '₹1.8Cr', NULL, 2, 3000, 'Brigade Group', '/images/property-bangalore-office.jpg', 0, '2025-12-27 17:26:27', '2026-01-25 21:34:18', '12.97679360', '77.59008200', NULL, NULL, NULL, NULL, NULL, 'commercial-space-in-bangalore');
INSERT INTO `properties` (`id`, `title`, `description`, `propertyType`, `status`, `location`, `area`, `price`, `priceLabel`, `bedrooms`, `bathrooms`, `area_sqft`, `builder`, `imageUrl`, `featured`, `createdAt`, `updatedAt`, `latitude`, `longitude`, `zone`, `videoUrl`, `badge`, `customBadgeText`, `brochureUrl`, `slug`) VALUES (540013, 'Test Property with Images', 'Property for testing multi-image upload', 'Flat', 'Ready', 'Test Location, Pune', NULL, '5000000.00', NULL, 3, NULL, NULL, NULL, 'https://example.com/cover.jpg', 0, '2026-01-25 21:50:17', '2026-01-25 21:50:17', '18.52040000', '73.85670000', NULL, NULL, NULL, NULL, NULL, NULL);
INSERT INTO `properties` (`id`, `title`, `description`, `propertyType`, `status`, `location`, `area`, `price`, `priceLabel`, `bedrooms`, `bathrooms`, `area_sqft`, `builder`, `imageUrl`, `featured`, `createdAt`, `updatedAt`, `latitude`, `longitude`, `zone`, `videoUrl`, `badge`, `customBadgeText`, `brochureUrl`, `slug`) VALUES (540014, 'Test Property - Kharadi 3 BHK', 'Beautiful apartment in Kharadi with all modern amenities', 'Flat', 'Ready', 'Kharadi, Pune, Maharashtra, India', NULL, '11500000.00', '₹1.15 Crores', 3, 2, 1450, 'Test Builder', 'https://example.com/test-image.jpg', 0, '2026-01-25 21:50:17', '2026-01-25 21:50:17', '18.55116940', '73.92509740', 'east_pune', NULL, NULL, NULL, NULL, NULL);
INSERT INTO `properties` (`id`, `title`, `description`, `propertyType`, `status`, `location`, `area`, `price`, `priceLabel`, `bedrooms`, `bathrooms`, `area_sqft`, `builder`, `imageUrl`, `featured`, `createdAt`, `updatedAt`, `latitude`, `longitude`, `zone`, `videoUrl`, `badge`, `customBadgeText`, `brochureUrl`, `slug`) VALUES (540015, 'Test Property with Video', 'A test property with video tour', 'Flat', 'Ready', 'Test Location, Pune', 'Test Area', '5000000.00', NULL, 2, NULL, NULL, NULL, NULL, 0, '2026-01-25 21:50:17', '2026-01-25 21:50:17', '18.52040000', '73.85670000', NULL, 'https://www.youtube.com/watch?v=dQw4w9WgXcQ', NULL, NULL, NULL, NULL);
INSERT INTO `properties` (`id`, `title`, `description`, `propertyType`, `status`, `location`, `area`, `price`, `priceLabel`, `bedrooms`, `bathrooms`, `area_sqft`, `builder`, `imageUrl`, `featured`, `createdAt`, `updatedAt`, `latitude`, `longitude`, `zone`, `videoUrl`, `badge`, `customBadgeText`, `brochureUrl`, `slug`) VALUES (540016, 'Property for Image Test', 'Testing image addition', 'Flat', 'Ready', 'Mumbai', NULL, '8000000.00', NULL, 2, NULL, NULL, NULL, 'https://example.com/main.jpg', 0, '2026-01-25 21:50:18', '2026-01-25 21:50:18', '19.07600000', '72.87770000', NULL, NULL, NULL, NULL, NULL, NULL);
INSERT INTO `properties` (`id`, `title`, `description`, `propertyType`, `status`, `location`, `area`, `price`, `priceLabel`, `bedrooms`, `bathrooms`, `area_sqft`, `builder`, `imageUrl`, `featured`, `createdAt`, `updatedAt`, `latitude`, `longitude`, `zone`, `videoUrl`, `badge`, `customBadgeText`, `brochureUrl`, `slug`) VALUES (540017, 'Test Property - Manual Location', 'Property with manual location entry', 'Flat', 'Ready', 'Some Custom Location', NULL, '8500000.00', '₹85 Lakhs', 2, 2, 1200, 'Test Builder', 'https://example.com/test-image2.jpg', 0, '2026-01-25 21:50:18', '2026-01-25 21:50:18', NULL, NULL, NULL, NULL, NULL, NULL, NULL, NULL);
INSERT INTO `properties` (`id`, `title`, `description`, `propertyType`, `status`, `location`, `area`, `price`, `priceLabel`, `bedrooms`, `bathrooms`, `area_sqft`, `builder`, `imageUrl`, `featured`, `createdAt`, `updatedAt`, `latitude`, `longitude`, `zone`, `videoUrl`, `badge`, `customBadgeText`, `brochureUrl`, `slug`) VALUES (540018, 'Test Property without Video', 'A test property without video', 'Shop', 'Under-Construction', 'Test Location 2, Mumbai', NULL, '3000000.00', NULL, NULL, NULL, NULL, NULL, NULL, 0, '2026-01-25 21:50:18', '2026-01-25 21:50:18', NULL, NULL, NULL, NULL, NULL, NULL, NULL, NULL);
INSERT INTO `properties` (`id`, `title`, `description`, `propertyType`, `status`, `location`, `area`, `price`, `priceLabel`, `bedrooms`, `bathrooms`, `area_sqft`, `builder`, `imageUrl`, `featured`, `createdAt`, `updatedAt`, `latitude`, `longitude`, `zone`, `videoUrl`, `badge`, `customBadgeText`, `brochureUrl`, `slug`) VALUES (540019, 'Test Property - With Zone', 'Test property with explicit zone', 'Flat', 'Ready', 'Kharadi, Pune', NULL, '10000000.00', '₹1 Crore', 2, 2, 1000, 'Test Builder', 'https://example.com/test.jpg', 0, '2026-01-25 21:50:18', '2026-01-25 21:50:18', '18.50000000', '73.90000000', 'east_pune', NULL, NULL, NULL, NULL, NULL);
INSERT INTO `properties` (`id`, `title`, `description`, `propertyType`, `status`, `location`, `area`, `price`, `priceLabel`, `bedrooms`, `bathrooms`, `area_sqft`, `builder`, `imageUrl`, `featured`, `createdAt`, `updatedAt`, `latitude`, `longitude`, `zone`, `videoUrl`, `badge`, `customBadgeText`, `brochureUrl`, `slug`) VALUES (540020, 'Test Property - https://www.youtube.com/watch?v=dQw4w9WgXcQ', 'Testing YouTube URL format', 'Office', 'Ready', 'Test Location, Bangalore', NULL, '10000000.00', NULL, NULL, NULL, NULL, NULL, NULL, 0, '2026-01-25 21:50:18', '2026-01-25 21:50:18', NULL, NULL, NULL, 'https://www.youtube.com/watch?v=dQw4w9WgXcQ', NULL, NULL, NULL, NULL);
INSERT INTO `properties` (`id`, `title`, `description`, `propertyType`, `status`, `location`, `area`, `price`, `priceLabel`, `bedrooms`, `bathrooms`, `area_sqft`, `builder`, `imageUrl`, `featured`, `createdAt`, `updatedAt`, `latitude`, `longitude`, `zone`, `videoUrl`, `badge`, `customBadgeText`, `brochureUrl`, `slug`) VALUES (540021, 'Test Property - https://youtu.be/dQw4w9WgXcQ', 'Testing YouTube URL format', 'Office', 'Ready', 'Test Location, Bangalore', NULL, '10000000.00', NULL, NULL, NULL, NULL, NULL, NULL, 0, '2026-01-25 21:50:19', '2026-01-25 21:50:19', NULL, NULL, NULL, 'https://youtu.be/dQw4w9WgXcQ', NULL, NULL, NULL, NULL);
INSERT INTO `properties` (`id`, `title`, `description`, `propertyType`, `status`, `location`, `area`, `price`, `priceLabel`, `bedrooms`, `bathrooms`, `area_sqft`, `builder`, `imageUrl`, `featured`, `createdAt`, `updatedAt`, `latitude`, `longitude`, `zone`, `videoUrl`, `badge`, `customBadgeText`, `brochureUrl`, `slug`) VALUES (540022, 'Property for Delete Test', 'Testing image deletion', 'Office', 'Under-Construction', 'Bangalore', NULL, '12000000.00', NULL, 4, NULL, NULL, NULL, 'https://example.com/villa.jpg', 0, '2026-01-25 21:50:19', '2026-01-25 21:50:19', '12.97160000', '77.59460000', NULL, NULL, NULL, NULL, NULL, NULL);
INSERT INTO `properties` (`id`, `title`, `description`, `propertyType`, `status`, `location`, `area`, `price`, `priceLabel`, `bedrooms`, `bathrooms`, `area_sqft`, `builder`, `imageUrl`, `featured`, `createdAt`, `updatedAt`, `latitude`, `longitude`, `zone`, `videoUrl`, `badge`, `customBadgeText`, `brochureUrl`, `slug`) VALUES (540023, 'Test Property - https://www.youtube.com/embed/dQw4w9WgXcQ', 'Testing YouTube URL format', 'Office', 'Ready', 'Test Location, Bangalore', NULL, '10000000.00', NULL, NULL, NULL, NULL, NULL, NULL, 0, '2026-01-25 21:50:19', '2026-01-25 21:50:19', NULL, NULL, NULL, 'https://www.youtube.com/embed/dQw4w9WgXcQ', NULL, NULL, NULL, NULL);
INSERT INTO `properties` (`id`, `title`, `description`, `propertyType`, `status`, `location`, `area`, `price`, `priceLabel`, `bedrooms`, `bathrooms`, `area_sqft`, `builder`, `imageUrl`, `featured`, `createdAt`, `updatedAt`, `latitude`, `longitude`, `zone`, `videoUrl`, `badge`, `customBadgeText`, `brochureUrl`, `slug`) VALUES (540024, 'Multi-Image Property', 'Property with multiple images and cover', 'Flat', 'Ready', 'Delhi', NULL, '7500000.00', NULL, 3, NULL, NULL, NULL, 'https://example.com/cover.jpg', 0, '2026-01-25 21:50:21', '2026-01-25 21:50:21', '28.70410000', '77.10250000', NULL, NULL, NULL, NULL, NULL, NULL);

-- Table: property_images
-- Records: 16
DELETE FROM `property_images`;
INSERT INTO `property_images` (`id`, `propertyId`, `imageUrl`, `isCover`, `displayOrder`, `createdAt`, `updatedAt`) VALUES (90861, 6, 'https://d2xsxph8kpxj0f.cloudfront.net/310419663026719415/aSHZEBwUmWTuA7HAwuTg3z/property-images/1769280063131-JiuZ-ryypV.jpeg', 1, 0, '2026-01-25 00:51:31', '2026-01-25 00:51:31');
INSERT INTO `property_images` (`id`, `propertyId`, `imageUrl`, `isCover`, `displayOrder`, `createdAt`, `updatedAt`) VALUES (120031, 510066, 'https://example.com/image1.jpg', 1, 0, '2026-01-25 10:41:38', '2026-01-25 10:41:38');
INSERT INTO `property_images` (`id`, `propertyId`, `imageUrl`, `isCover`, `displayOrder`, `createdAt`, `updatedAt`) VALUES (120032, 510066, 'https://example.com/image2.jpg', 0, 1, '2026-01-25 10:41:38', '2026-01-25 10:41:38');
INSERT INTO `property_images` (`id`, `propertyId`, `imageUrl`, `isCover`, `displayOrder`, `createdAt`, `updatedAt`) VALUES (120034, 510072, 'https://example.com/img1.jpg', 0, 0, '2026-01-25 10:41:41', '2026-01-25 10:41:41');
INSERT INTO `property_images` (`id`, `propertyId`, `imageUrl`, `isCover`, `displayOrder`, `createdAt`, `updatedAt`) VALUES (120035, 510072, 'https://example.com/img2.jpg', 1, 1, '2026-01-25 10:41:41', '2026-01-25 10:41:41');
INSERT INTO `property_images` (`id`, `propertyId`, `imageUrl`, `isCover`, `displayOrder`, `createdAt`, `updatedAt`) VALUES (120036, 510072, 'https://example.com/img3.jpg', 0, 2, '2026-01-25 10:41:41', '2026-01-25 10:41:41');
INSERT INTO `property_images` (`id`, `propertyId`, `imageUrl`, `isCover`, `displayOrder`, `createdAt`, `updatedAt`) VALUES (150001, 540005, 'https://example.com/image1.jpg', 1, 0, '2026-01-25 21:34:52', '2026-01-25 21:34:52');
INSERT INTO `property_images` (`id`, `propertyId`, `imageUrl`, `isCover`, `displayOrder`, `createdAt`, `updatedAt`) VALUES (150002, 540005, 'https://example.com/image2.jpg', 0, 1, '2026-01-25 21:34:52', '2026-01-25 21:34:52');
INSERT INTO `property_images` (`id`, `propertyId`, `imageUrl`, `isCover`, `displayOrder`, `createdAt`, `updatedAt`) VALUES (150004, 540012, 'https://example.com/img1.jpg', 0, 0, '2026-01-25 21:34:55', '2026-01-25 21:34:55');
INSERT INTO `property_images` (`id`, `propertyId`, `imageUrl`, `isCover`, `displayOrder`, `createdAt`, `updatedAt`) VALUES (150005, 540012, 'https://example.com/img2.jpg', 1, 1, '2026-01-25 21:34:55', '2026-01-25 21:34:55');
INSERT INTO `property_images` (`id`, `propertyId`, `imageUrl`, `isCover`, `displayOrder`, `createdAt`, `updatedAt`) VALUES (150006, 540012, 'https://example.com/img3.jpg', 0, 2, '2026-01-25 21:34:55', '2026-01-25 21:34:55');
INSERT INTO `property_images` (`id`, `propertyId`, `imageUrl`, `isCover`, `displayOrder`, `createdAt`, `updatedAt`) VALUES (150007, 540016, 'https://example.com/image1.jpg', 1, 0, '2026-01-25 21:50:19', '2026-01-25 21:50:19');
INSERT INTO `property_images` (`id`, `propertyId`, `imageUrl`, `isCover`, `displayOrder`, `createdAt`, `updatedAt`) VALUES (150008, 540016, 'https://example.com/image2.jpg', 0, 1, '2026-01-25 21:50:19', '2026-01-25 21:50:19');
INSERT INTO `property_images` (`id`, `propertyId`, `imageUrl`, `isCover`, `displayOrder`, `createdAt`, `updatedAt`) VALUES (150010, 540024, 'https://example.com/img1.jpg', 0, 0, '2026-01-25 21:50:21', '2026-01-25 21:50:21');
INSERT INTO `property_images` (`id`, `propertyId`, `imageUrl`, `isCover`, `displayOrder`, `createdAt`, `updatedAt`) VALUES (150011, 540024, 'https://example.com/img2.jpg', 1, 1, '2026-01-25 21:50:21', '2026-01-25 21:50:21');
INSERT INTO `property_images` (`id`, `propertyId`, `imageUrl`, `isCover`, `displayOrder`, `createdAt`, `updatedAt`) VALUES (150012, 540024, 'https://example.com/img3.jpg', 0, 2, '2026-01-25 21:50:22', '2026-01-25 21:50:22');

-- Table: property_videos
-- Records: 2
DELETE FROM `property_videos`;
INSERT INTO `property_videos` (`id`, `propertyId`, `videoUrl`, `videoType`, `displayOrder`, `createdAt`, `updatedAt`) VALUES (11, 6, 'https://www.youtube.com/watch?v=dQw4w9WgXcQ', 'youtube', 0, '2026-01-25 00:51:32', '2026-01-25 00:51:32');
INSERT INTO `property_videos` (`id`, `propertyId`, `videoUrl`, `videoType`, `displayOrder`, `createdAt`, `updatedAt`) VALUES (12, 6, 'https://www.youtube.com/watch?v=9bZkp7q19f0', 'youtube', 1, '2026-01-25 00:51:33', '2026-01-25 00:51:33');

-- Table: inquiries
-- Records: 29
DELETE FROM `inquiries`;
INSERT INTO `inquiries` (`id`, `name`, `email`, `phone`, `message`, `propertyId`, `inquiryType`, `status`, `createdAt`, `updatedAt`) VALUES (1, 'Test User', 'test@example.com', '+91 9876543210', 'I am interested in a 3BHK apartment in Kharadi', NULL, 'property', 'new', '2025-12-27 17:29:55', '2025-12-27 17:29:55');
INSERT INTO `inquiries` (`id`, `name`, `email`, `phone`, `message`, `propertyId`, `inquiryType`, `status`, `createdAt`, `updatedAt`) VALUES (2, 'Test User', 'test@example.com', '+91 9876543210', 'I am interested in a 3BHK apartment in Kharadi', NULL, 'property', 'new', '2025-12-27 17:30:24', '2025-12-27 17:30:24');
INSERT INTO `inquiries` (`id`, `name`, `email`, `phone`, `message`, `propertyId`, `inquiryType`, `status`, `createdAt`, `updatedAt`) VALUES (3, 'Ayush Agrawal', 'ayush954@gmail.com', '+919325620770', 'Test ', NULL, 'general', 'new', '2025-12-27 17:36:52', '2025-12-27 17:36:52');
INSERT INTO `inquiries` (`id`, `name`, `email`, `phone`, `message`, `propertyId`, `inquiryType`, `status`, `createdAt`, `updatedAt`) VALUES (30001, 'Test', 'ayush954@gmail.com', '9325620770', 'I need to buy 2 bhk', NULL, 'general', 'new', '2025-12-29 18:45:47', '2025-12-29 18:45:47');
INSERT INTO `inquiries` (`id`, `name`, `email`, `phone`, `message`, `propertyId`, `inquiryType`, `status`, `createdAt`, `updatedAt`) VALUES (60001, 'Ayush', 'ayush954@gmail.com', '9325620770', 'I need land ', NULL, 'general', 'new', '2025-12-29 19:47:48', '2025-12-29 19:47:48');
INSERT INTO `inquiries` (`id`, `name`, `email`, `phone`, `message`, `propertyId`, `inquiryType`, `status`, `createdAt`, `updatedAt`) VALUES (60002, 'Ayush Agrawal ', 'info@nivaararealty.com', '9325620770', 'Hello ', NULL, 'general', 'new', '2025-12-29 20:01:17', '2025-12-29 20:01:17');
INSERT INTO `inquiries` (`id`, `name`, `email`, `phone`, `message`, `propertyId`, `inquiryType`, `status`, `createdAt`, `updatedAt`) VALUES (90001, 'Amit Kumar ', 'ayush954@gmail.com', '9325620770', 'I need land in Kharadi ', NULL, 'general', 'new', '2025-12-29 20:37:27', '2025-12-29 20:37:27');
INSERT INTO `inquiries` (`id`, `name`, `email`, `phone`, `message`, `propertyId`, `inquiryType`, `status`, `createdAt`, `updatedAt`) VALUES (120001, 'Ayush Agrawal', 'ayushagra20@gmail.com', '9511267089', '2 bhk ', NULL, 'general', 'new', '2025-12-31 15:34:31', '2025-12-31 15:34:31');
INSERT INTO `inquiries` (`id`, `name`, `email`, `phone`, `message`, `propertyId`, `inquiryType`, `status`, `createdAt`, `updatedAt`) VALUES (150001, 'Test User', 'test@example.com', '+91 9876543210', 'I am interested in a 3BHK apartment in Kharadi', NULL, 'property', 'new', '2026-01-07 06:10:59', '2026-01-07 06:10:59');
INSERT INTO `inquiries` (`id`, `name`, `email`, `phone`, `message`, `propertyId`, `inquiryType`, `status`, `createdAt`, `updatedAt`) VALUES (150002, 'Test User', 'test@example.com', '+91 9876543210', 'I am interested in a 3BHK apartment in Kharadi', NULL, 'property', 'new', '2026-01-07 06:20:11', '2026-01-07 06:20:11');
INSERT INTO `inquiries` (`id`, `name`, `email`, `phone`, `message`, `propertyId`, `inquiryType`, `status`, `createdAt`, `updatedAt`) VALUES (180001, 'Anuj Agrawal', 'anuj.agrawal84@gmail.com', '9373509190', 'Test message', NULL, 'general', 'new', '2026-01-08 20:01:48', '2026-01-08 20:01:48');
INSERT INTO `inquiries` (`id`, `name`, `email`, `phone`, `message`, `propertyId`, `inquiryType`, `status`, `createdAt`, `updatedAt`) VALUES (210001, 'Test User', 'test@example.com', '+91 9876543210', 'I am interested in a 3BHK apartment in Kharadi', NULL, 'property', 'new', '2026-01-10 08:14:02', '2026-01-10 08:14:02');
INSERT INTO `inquiries` (`id`, `name`, `email`, `phone`, `message`, `propertyId`, `inquiryType`, `status`, `createdAt`, `updatedAt`) VALUES (210002, 'Test User', 'test@example.com', '+91 9876543210', 'I am interested in a 3BHK apartment in Kharadi', NULL, 'property', 'new', '2026-01-10 08:28:19', '2026-01-10 08:28:19');
INSERT INTO `inquiries` (`id`, `name`, `email`, `phone`, `message`, `propertyId`, `inquiryType`, `status`, `createdAt`, `updatedAt`) VALUES (210003, 'Test User', 'test@example.com', '+91 9876543210', 'I am interested in a 3BHK apartment in Kharadi', NULL, 'property', 'new', '2026-01-10 08:31:32', '2026-01-10 08:31:32');
INSERT INTO `inquiries` (`id`, `name`, `email`, `phone`, `message`, `propertyId`, `inquiryType`, `status`, `createdAt`, `updatedAt`) VALUES (210004, 'Test User', 'test@example.com', '+91 9876543210', 'I am interested in a 3BHK apartment in Kharadi', NULL, 'property', 'new', '2026-01-10 08:38:57', '2026-01-10 08:38:57');
INSERT INTO `inquiries` (`id`, `name`, `email`, `phone`, `message`, `propertyId`, `inquiryType`, `status`, `createdAt`, `updatedAt`) VALUES (210005, 'Test User', 'test@example.com', '+91 9876543210', 'I am interested in a 3BHK apartment in Kharadi', NULL, 'property', 'new', '2026-01-10 08:49:46', '2026-01-10 08:49:46');
INSERT INTO `inquiries` (`id`, `name`, `email`, `phone`, `message`, `propertyId`, `inquiryType`, `status`, `createdAt`, `updatedAt`) VALUES (210006, 'Test User', 'test@example.com', '+91 9876543210', 'I am interested in a 3BHK apartment in Kharadi', NULL, 'property', 'new', '2026-01-10 09:04:00', '2026-01-10 09:04:00');
INSERT INTO `inquiries` (`id`, `name`, `email`, `phone`, `message`, `propertyId`, `inquiryType`, `status`, `createdAt`, `updatedAt`) VALUES (210007, 'Test User', 'test@example.com', '+91 9876543210', 'I am interested in a 3BHK apartment in Kharadi', NULL, 'property', 'new', '2026-01-10 09:17:01', '2026-01-10 09:17:01');
INSERT INTO `inquiries` (`id`, `name`, `email`, `phone`, `message`, `propertyId`, `inquiryType`, `status`, `createdAt`, `updatedAt`) VALUES (210008, 'Ayush ', 'ayushagr63@gmail.com', '9325620770', 'I am looking for bank auction property ', NULL, 'general', 'new', '2026-01-10 09:19:56', '2026-01-10 09:19:56');
INSERT INTO `inquiries` (`id`, `name`, `email`, `phone`, `message`, `propertyId`, `inquiryType`, `status`, `createdAt`, `updatedAt`) VALUES (210009, 'Test User', 'test@example.com', '+91 9876543210', 'I am interested in a 3BHK apartment in Kharadi', NULL, 'property', 'new', '2026-01-10 09:28:08', '2026-01-10 09:28:08');
INSERT INTO `inquiries` (`id`, `name`, `email`, `phone`, `message`, `propertyId`, `inquiryType`, `status`, `createdAt`, `updatedAt`) VALUES (210010, 'Ayush', 'ayushagra20@gmail.com', '9325620770', 'Hello sample text check now much character it could cover .', NULL, 'general', 'new', '2026-01-10 09:38:00', '2026-01-10 09:38:00');
INSERT INTO `inquiries` (`id`, `name`, `email`, `phone`, `message`, `propertyId`, `inquiryType`, `status`, `createdAt`, `updatedAt`) VALUES (240001, 'Test User', 'test@example.com', '+91 9876543210', 'I am interested in a 3BHK apartment in Kharadi', NULL, 'property', 'new', '2026-01-25 09:06:35', '2026-01-25 09:06:35');
INSERT INTO `inquiries` (`id`, `name`, `email`, `phone`, `message`, `propertyId`, `inquiryType`, `status`, `createdAt`, `updatedAt`) VALUES (240002, 'Test User', 'test@example.com', '+91 9876543210', 'I am interested in a 3BHK apartment in Kharadi', NULL, 'property', 'new', '2026-01-25 09:07:33', '2026-01-25 09:07:33');
INSERT INTO `inquiries` (`id`, `name`, `email`, `phone`, `message`, `propertyId`, `inquiryType`, `status`, `createdAt`, `updatedAt`) VALUES (240003, 'Test User', 'test@example.com', '+91 9876543210', 'I am interested in a 3BHK apartment in Kharadi', NULL, 'property', 'new', '2026-01-25 09:08:16', '2026-01-25 09:08:16');
INSERT INTO `inquiries` (`id`, `name`, `email`, `phone`, `message`, `propertyId`, `inquiryType`, `status`, `createdAt`, `updatedAt`) VALUES (240004, 'Test User', 'test@example.com', '+91 9876543210', 'I am interested in a 3BHK apartment in Kharadi', NULL, 'property', 'new', '2026-01-25 09:49:43', '2026-01-25 09:49:43');
INSERT INTO `inquiries` (`id`, `name`, `email`, `phone`, `message`, `propertyId`, `inquiryType`, `status`, `createdAt`, `updatedAt`) VALUES (240005, 'Test User', 'test@example.com', '+91 9876543210', 'I am interested in a 3BHK apartment in Kharadi', NULL, 'property', 'new', '2026-01-25 09:50:57', '2026-01-25 09:50:57');
INSERT INTO `inquiries` (`id`, `name`, `email`, `phone`, `message`, `propertyId`, `inquiryType`, `status`, `createdAt`, `updatedAt`) VALUES (240006, 'Test User', 'test@example.com', '+91 9876543210', 'I am interested in a 3BHK apartment in Kharadi', NULL, 'property', 'new', '2026-01-25 10:41:39', '2026-01-25 10:41:39');
INSERT INTO `inquiries` (`id`, `name`, `email`, `phone`, `message`, `propertyId`, `inquiryType`, `status`, `createdAt`, `updatedAt`) VALUES (270001, 'Test User', 'test@example.com', '+91 9876543210', 'I am interested in a 3BHK apartment in Kharadi', NULL, 'property', 'new', '2026-01-25 21:34:53', '2026-01-25 21:34:53');
INSERT INTO `inquiries` (`id`, `name`, `email`, `phone`, `message`, `propertyId`, `inquiryType`, `status`, `createdAt`, `updatedAt`) VALUES (270002, 'Test User', 'test@example.com', '+91 9876543210', 'I am interested in a 3BHK apartment in Kharadi', NULL, 'property', 'new', '2026-01-25 21:50:19', '2026-01-25 21:50:19');

-- Table staff_users: Error - Table 'ashzebwumwtua7hawutg3z.staff_users' doesn't exist

SET FOREIGN_KEY_CHECKS = 1;
